0,自动出价,"# 功能介绍

### 1.1 自动出价是什么？
自动出价是根据广告主的投放诉求和预算，合理高效地花完广告预算、并寻找最低转化成本的出价优化产品。

### 1.2 适用场景
1）电商大促/新游大推等有等需要大量买量的场景；

2）新账户/新品/新素材，希望快速积累投放数据，提高模型预估准确度

3）单广告跑量困难，可通过初始小预算、根据投放效果增加预算

4）同时有起量/放量目标+成本达成目标，但是学习期可以接受一定程度的成本波动，来换取更高的起量成功率与起量速度；当进入成熟期，有稳定的消耗目标，并期待在消耗目标下获得最优成本

### 1.3 产品优势
1）稳定拿量：大幅提升跑量成功率，并缩短探索时间，全周期内稳定拿量；

2）提升人效：通过系统自动调价，最大拿量花完广告预算，不再需要实时手动调整；

3）探索最低成本：同等消耗量级下，同一条广告素材的成本一般不高于手动出价。

### 1.4 产品原理
1）转化成本：在起量期，为了加快广告起量速度、提升广告起量率，自动出价采用较为激进的探索模式，所以起量期成本可能会一定程度上飘高；随着积累了一定曝光量和转化量后，广告进入成熟稳定期，系统会根据消耗进度和成本达成情况，在尽可能花完预算的前提下，不断探索寻找最低转化成本。

2）消耗：自动出价会尽量保证成本在预估范围内均匀花费预算，当消耗速度太快或者成本偏高时，系统会自动下调出价来平稳消耗速度、拟合成本达成。相对于oCPA手动出价，自动出价的消耗曲线会相对更平稳一些。
![1.png](https://bbx-pic.gtimg.com/bbx/pictures/2021/243_20210324154427_625509.png)
注：转化成本曲线&消耗曲线趋势仅供参考，请关注自动出价对比手动出价的曲线波动对比

# 使用指引
## 1. 操作指南

### 1.1 开启
自动出价适用oCPC/oCPM广告类型，新建广告时，在“出价类型”里可以选择开启“自动出价”功能，并选择优化目标。

### 1.2 投放时间
支持长期投放、以及指定投放日期区间。
![2.png](https://bbx-pic.gtimg.com/bbx/pictures/2021/243_20210324191839_735242.png)
注：已创编的手动出价广告不可编辑更改为自动出价广告

### 1.3 出价策略
自动出价一期支持不同的出价策略：

1）稳定拿量：稳健探索，快速度过学习期（通常3日以内），尽可能花完预算，累积成本逐渐下降，有一定的超成本风险，超成本风险适中，低于优先拿量；建议头部广告主日常投放、中小广告主放量使用；

2）优先拿量：激进探索，快速度过学习期（通常3日以内），优先把预算花完（除素材质量过低，用户定向过窄等原因以外），超预估成本风险较高；建议有放量要求广告主使用；

3）优先低成本：保守探索，慢速度过学习期（通常5日以内），不一定花完预算，累积成本逐渐下降，超预估成本风险低，超成本风险较低，低于稳定拿量；建议中小客户使用；

4）预估成本：优先拿量>稳定拿量>优先低成本。

### 1.4 广告日预算
设置真实合理预算，建议参考账户近一周历史广告日消耗量级设置自动出价广告日预算，如无明确预期，可先设置为出价/深度出价的10倍，后续根据跑量效果以及成本达成情况小幅度调整预算。

### 1.5 预计成本
在填入广告日预算等必填选项后，系统会根据账户历史投放情况、推广物、人群定向、投放时段，及大盘流量竞争度，提供成本预估；预算设置越低，相应预估成本也会越低；预算设置越高，相应预估成本也会越高。

### 1.6 版位
一期支持XQ、XS、联盟、自动版位，一期暂不支持同时选公众号和非MP版位。
![3.png](https://bbx-pic.gtimg.com/bbx/pictures/2021/243_20210324191935_362643.png)

### 1.7 数据查看
开启自动出价的广告，在（推广）主菜单下，（广告）tab下（出价）维度，可查看是否是自动出价广告，点开广告名称，可查看广告的状态、消耗、曝光、点击、转化量等数据。
![4.png](https://bbx-pic.gtimg.com/bbx/pictures/2021/243_20210324192007_698496.png)![5.png](https://bbx-pic.gtimg.com/bbx/pictures/2021/243_20210324192027_407822.png)

## 2. 优化指南

### 2.1 使用建议
* 预算设置：建议参考账户历史广告日消耗设置初始预算，后续根据跑量效果以及成本达成情况小幅度调整预算；预算太低，可能导致探索不足，投放量级较小；预算太高(远超账户历史广告日消耗），可能导致超成本，上限建议不高于账户近期最高广告日消耗

* 请勿频繁修改：修改预算、出价策略、定向、投放时段、或暂停广告，都会造成投放效果波动。为保效果稳定，建议不要大幅调整预算，并尽可能减少对其他因子的调整次数（建议≤1次/天）。

* 产品组合策略建议：

	  搭配自动规则：可以设定自动规则帮助监控自动出价广告的投放情况，当转化成本高于阈值的时候发送通知/自动暂停，免去实时盯盘的困扰。
		
	  搭配精准定向：精准定向/核心人群有时流量竞争激烈，手动出价因为成本达成约束可能会起量难、或者错过一部分高价值用户，而自动出价会基于当下竞争情况实时动态调整出价，帮助模型积累尽可能多的转化，提升精准人群起量/放量效果。
		
	  搭配创意优选（MC/DC）：多创意因为实际投放效果有所不同，自动出价基于不同创意的竞争力动态调价，帮助广告探索出最优创意最低成本。

### 2.2 效果预期
* 实际转化成本
在探索初期，为了加快起量速度、提升起量率，系统出价会相对激进，期间转化成本有可能会超出预估成本范围。不过从大盘数据来看，同等消耗量级下，同样投放目标下，自动出价成本一般不高于手动出价。

* 成本预估准确度预期
系统会根据同账户里其他相似广告（会参考同样投放目标、同样选品、其他设置相似度高的广告）来预估自动出价的成本范围，系统会尽可能在花掉预算的同时，约束成本达成在预估范围内；但是考虑到流量竞争环境变化、预估广告差异度，实际成本有可能存在一定范畴内的上下波动。

* 预算-成本预期
预算设置越低，相应预估成本也会越低；预算设置越高，相应预估成本也会越高。同时，预算设置太低也会探索不足，建议设置合理预算。

## 3. 案例

### 3.1 金融行业案例
某金融客户参与测试前账户日均消耗不到1W，参与自动出价测试之后，账户日均消耗提升至4W+/D，自动出价广告对比同账户手动广告条均消耗+1511%，平均转化成本低6%。
![6.png](https://bbx-pic.gtimg.com/bbx/pictures/2021/243_20210324192133_939680.png)

### 3.2 教育行业案例
某教育客户参与测试前手动投放起量困难、空耗问题严重；参与测试自动出价之后，3天内靠仅7条自动出价广告，消耗与转化数便达到了同账户另外31条广告的7倍以上；自动出价广告对比同账户手动广告条均消耗+2996%，平均转化成本低13%。
![7.png](https://bbx-pic.gtimg.com/bbx/pictures/2021/243_20210324192153_642145.png)

# 常见问题

**1、自动出价如何使用？**

答：您只需填入真实、合理的预算，系统自动预估成本区间，并根据实际投放情况实时进行调整出价，最大化获取转化量，稳定花完您的预算。

**2、出价方式里，手动、自动可以互相切换吗？**

答：出于效果考虑，暂不支持。

**3、广告预算可以更改吗？**

答：可以，您可以根据实际诉求和投放情况更改预算，但平台建议您一次性填入真实预算，使系统发挥更稳定。改预算时，预估成本可能也发生变化，请您留意。

**4、为什么强调真实、合理的预算？**

答：自动出价会根据预算为您寻找最优成本。预算较高时，寻找优质流量的难度较大，成本可能会较高。预算过低时，会影响放量。因此，建议您设置真实预算，同时满足跑量和成本的要求。您可以通过账户/客户近期消耗情况设置预算，可参考手动出价广告平均一天的消耗设置预算，切忌频繁调整，一天不超过一次。

**5、系统是如何进行成本预估的？**

答：1）在填入包括预算等必填选项后，系统会根据历史投放情况，推广物，人群定向，投放时段，及大盘流量竞争度，为您进行成本预估。
       2）7天内，账户内oCPA消耗较少，大幅改变推广物，定向及预算，都会影响您预估成本的准确性。

**6、当前广告成本高于预估，该如何调整？**

答：1）短期成本可能随流量波动而变化，建议观察天级成本；
       2）若天级成本长期较高，可适当减少预算。建议一天内最多修改一次预算，否则可能加剧成本波动，影响效果和评估。

**7、为什么平台不建议广告主频繁调价，但自动出价实时调整却能效果最优呢？**

答：自动出价时，系统可以通过海量数据和模型预估，在最优时机调整出价方向和幅度，以达到稳定有量的目的。相比之下，手动调价的广告主可获取的信息和时效性有限，调整效果可能和诉求有偏差，故不建议频繁调价。

**8、自动出价探索前期一定会高于预估成本吗？**

答：不一定，有可能实际成本低于预估成本。
探索前期，自动出价为保证展示量而调整出价，若广告（素材）优秀，可以用较低的出价获取大量流量，快速探索成功，成本可能低于模型预估。

**9、自动出价探索后期的成本一定会低于预估成本吗？**

答：不一定，有可能实际成本高于预估成本。探索完毕后，自动出价为稳定花完预算、并寻找最优成本而调整出价。若预算过高，素材质量低、或定向不匹配，都可能导致您的成本高于模型预估。

**10、我对自动出价的成本很满意，想放量，应该怎么做？**

答：请调高预算，系统会自动为您探求最优成本。

**11、自动出价和一键起量、手动出价的区别？**

答：
出价激进程度：一键起量>自动出价>手动出价
产品定位：
	a.  手动出价：一种以成本优化为目标的出价方式，成本表现较为稳定，伴随会有冷启动问题、放量问题
	b. 一键起量：一种以预算使用率为目标、而不是以转化为目标的快速拿量工具，系统会快速激进拿量，会有超成本风险
	c. 自动出价：一种综合考虑成本和预算使用率的快速拿量工具，在预算花完的前提下，系统探索最低成本
![8.jpg](https://bbx-pic.gtimg.com/bbx/pictures/2021/243_20210324192330_130626.jpg)",https://e.qq.com/ads/helpcenter/detail?cid=516&pid=4540,2021-11-05 12:01:53
0,智能投手-自定义托管,"# 功能介绍
# 一、功能简介
智能投手-自定义托管可帮助优化师实现系统实时盯盘和广告优化，如想要控制广告的成本（可选择需要监控的广告范围，设置转化成本超过X元或出价的Y%，自动调低出价或暂停）解放优化师长时间紧盯电脑的人力消耗，盯盘效率提高到每半小时即可检查所有账户，减少损失。

# 二、使用指引
### 1. 功能入口

1）投放平台-概览，点击顶部固定入口即可查看该账户下已设置的账户层级的托管规则及历史执行记录。
![image1.png](https://bbx-pic.gtimg.com/bbx/pictures/2021/81_20210813192808_031107.png)
2）通过投放平台-推广计划/广告列表，点击顶部固定入口，即可查看该账户下已设置的全部自定义托管规则及历史执行记录。
![image2.png](https://bbx-pic.gtimg.com/bbx/pictures/2021/81_20210813192802_117626.png)

3）直接访问[智能投手](http://partner.e.qq.com/admaster/strategy)，点击“设置自定义托管”即可进入。
![入口2.png](https://bbx-pic.gtimg.com/bbx/pictures/2021/78_20210204221726_261606.png)


### 2. 创建托管规则

1）选择模板
点击【创建托管规则】后，即可在模板选择界面自行选择通过空白模板或系统模板进行创建。
![创建托管规则.png](https://bbx-pic.gtimg.com/bbx/pictures/2021/78_20210204223239_713779.png)
若选择通过空白模板进行创建，需自行设置条件以及满足条件后要执行的广告优化操作；
![空白模板.jpg](https://bbx-pic.gtimg.com/bbx/pictures/2021/300_20211213192826_438924.jpg)
目前自定义托管模板已覆盖全部行业和多种场景，因此更推荐优化师通过选用系统模板来进行创建。为确保优化师可以准确、快捷地选用到所需模板，平台对自定义托管的模板进行了行业和场景分类。
行业分类上，当优化师进入选择托管模板页面，系统默认展示该用户下第一个账户所属二级开户行业对应的行业模板，同时优化师可自行切换至任意二级行业进行模板选用。
![行业选择.jpg](https://bbx-pic.gtimg.com/bbx/pictures/2021/300_20211213193110_353247.jpg)
场景分类上，目前托管模板分为了“高效抢量”、“成本控制”和“风险预警”三类场景，优化师可通过模板前的分类标识进行区分，同时可点击上方类别tab进行筛选，更高效地选取所需模板。
![场景选择.jpg](https://bbx-pic.gtimg.com/bbx/pictures/2021/300_20211213193124_958166.jpg)

2）执行范围

为方便设置自定义托管规则时可灵活地选择广告的执行范围，系统提供按状态匹配广告的能力。以广告层级为例，可选择全部广告或指定广告。

* 全部广告：指定账户即可，可指定1个或多个账户，此规则即可对该账户下所有广告生效。
* 指定广告：首先，指定账户，再通过搜索或直接勾选，指定特定的广告。
![图片5.png](https://bbx-pic.gtimg.com/bbx/pictures/2021/212_20211025202954_542784.png)
3）满足条件

规则执行范围需要达到的条件。可选择切换不同的数据口径（广告播放口径、转化回传口径以及曝光激活口径），并设置以下满足条件：消耗/投放时长/转化量/转化成本/转化率/赔付状态/诊断结果等（所有指标均与投放端广告列表页对齐）。允许添加多个条件，如添加多个条件则可选择满足全部条件时执行，或满足任意条件时执行。
![图片6.png](https://bbx-pic.gtimg.com/bbx/pictures/2021/212_20211025202959_195714.png)

4）执行操作

达到条件时，对执行范围进行的操作。支持的执行操作有：暂停/启用广告、暂停/开启自动扩量、修改日预算/出价/投放开始日期等。同时系统提供执行上限设置，当希望自己进行操作，只接收同时时，可以不设置执行操作。
![执行操作新.png](https://bbx-pic.gtimg.com/bbx/pictures/2021/78_20210205012502_099665.png)

5）执行时间

规则的运行时间，可选择每半小时、每小时、固定时间对执行范围进行扫描。因运行规则需要时间，实际规则操作时间可能会在开始运行后15分钟内完成。
* 每半小时：规则创建成功后每半点/整点对运行对象进行一次扫描，如13:05分创建规则，则在13:30进行第一次扫描，之后则每隔半小时进行扫描。
* 每小时：规则创建成功后每整点对运行对象进行一次扫描，如13:05分创建规则，则在14:00进行第一次扫描，之后则每隔1小时进行扫描。
* 固定时间：可指定在周一至周日的具体某个时间点进行扫描

![执行时间.png](https://bbx-pic.gtimg.com/bbx/pictures/2021/78_20210205011523_876603.png)

6）发送通知

可选择达到设置的条件时，是否发送通知及通知范围。如开启发送开关，则可选择对执行范围内所属账户下的哪些协作者进行消息通知。
![发送通知.png](https://bbx-pic.gtimg.com/bbx/pictures/2021/78_20210205011508_243225.png)

### 3. 规则管理及规则运行记录。
1）用户可在自定义托管页面，对自己创建的规则 或者协作者创建的规则进行查看及操作。
*  所有我创建的规则均可在“托管规则-我创建的”中查看，可暂停、开启、编辑或复制已创建的规则。
![我的托管规则.png](https://bbx-pic.gtimg.com/bbx/pictures/2021/78_20210205013305_191013.png)
* 所有协作者创建的规则可在“托管规则-协作者创建的”中查看，可选择“解绑规则”。选择“解绑规则”，即将该账户从自定义托管规则中解绑，解绑成功后，该自定义托管规则将不再对解绑账户进行监控操作。
![图片1.png](https://bbx-pic.gtimg.com/bbx/pictures/2021/212_20211025202930_278648.png)
![图片2.png](https://bbx-pic.gtimg.com/bbx/pictures/2021/212_20211025202936_422353.png)

2）用户也可在投放端的列表页，直接查看已设置的自定义托管规则。
* 如果从投放端固定入口访问，则默认查看该账户下所有自定义托管规则及其近一周的执行记录。
* 如果从单条广告的“更多-自定义托管”中访问，则默认查看对该条广告生效的自定义托管规则以及其近一周的执行记录。
![图片3.png](https://bbx-pic.gtimg.com/bbx/pictures/2021/212_20211025202942_629299.png)",https://e.qq.com/ads/helpcenter/detail?cid=509&pid=4310,2021-12-13 19:38:30
0,平台上报说明,"# 功能介绍
## 什么是平台上报

转化归因专区旨在将腾讯广告侧的广告点击数据和客户侧的用户转化数据能力整合和匹配，从而实现转化归因和投放优化。在新版转化归因中，腾讯广告采用两种方式收集转化数据，我们称之为两种上报类型，即**自建转化**和**平台上报**。

* **自建转化**：客户在 投放端 - 工具 - 转化归因 中，自主创建转化规则，通过SDK/API/JS三种接入方式，自主将转化数据上报至腾讯广告。

* **平台上报**：客户使用**微信原生推广页、蹊径、枫页、阅宝、应用宝落地页、互动推广页、有赞、一叶智能、微盟**进行推广，无需创建转化规则，无需自主上报转化数据，由上述平台自动将转化数据上报至腾讯广告。

# 使用指引
## 一、如何使用平台上报

### 1. 使用平台工具创建落地页
使用微信原生推广页、蹊径、枫页、阅宝、应用宝落地页、互动推广页、有赞、一叶智能、微盟创建落地页。
![1.png](https://eqq-developers-cos-1257943044.cos.ap-nanjing.myqcloud.com/platform_gate_5.21.png)

### 2. 新建广告时选择平台上报类型的转化
创建广告时，选择平台上报类型的转化
![2.png](https://eqq-developers-cos-1257943044.cos.ap-nanjing.myqcloud.com/platform_conversion_5.21.png)
如上图所示，转化列表自上到下依次为 自建转化、平台上报转化、不可用转化。请在平台上报类型的转化中选择所需要的深浅层转化目标。目前平台上报支持的转化目标详见下文表格。

### 3. 新建创意时选择第1步中创建的平台落地页

## 二、平台上报的适用范围
* 上报平台：微信原生推广页、蹊径、枫页、阅宝、应用宝落地页、互动推广页、有赞、一叶智能、微盟
* 优化目标：平台上报目前支持以下深浅层优化目标，未来将继续拓展

| 类型 | 优化目标 | 深度优化目标 | 
| -------- | -------- | -------- | 
| APP类 | 表单预约 | / | 
| APP类 | 跳转按钮点击 | / | 
| Web类 | 表单预约 | / | 
| Web类 | 下单 | / | 
| Web类 | 表单预约 | 下单 | 
| Web类 | 商品详情页浏览 | / | 
| Web类 | 关键页面浏览 | / | 	

* 注意：若您的优化目标和深度优化目标同时进行平台上报和自主上报，新版转化归因暂时不支持该功能，请不要选择平台上报的转化。",https://e.qq.com/ads/helpcenter/detail?cid=1504&pid=4891,2021-11-04 11:41:10
0,基础式卡片广告,"![微信截图_20210420105612.png](https://bbx-pic.gtimg.com/bbx/pictures/2021/17_20210420105640_119839.png)

# 基础式卡片广告

将外层创意融汇到一张卡片中，更多广告版面吸引用户互动。


## 产品特点

* 更多广告版面吸引用户互动

* 更聚拢的广告信息，更丰富的创意元素承载


## 适用场景

点击灰色卡片区域可直接跳转至原生推广页、小程序或自定义H5，最大化满足品牌主的创意需求，助力每一个创意都付诸现实。

操作流程图示 
![135.png](https://bbx-pic.gtimg.com/bbx/pictures/2021/17_20210412162437_987073.png)
*单击图片可放大查看*

## 可支持产品功能


### 门店标识

![28p7q007_5b22bb28.png](https://bbx-pic.gtimg.com/bbx/pictures/2021/17_20210412162749_443197.png)

* 门店标识位于广告外层的文字链下方，点击可跳转查看门店详情页。

* 门店详情页主要用来详细介绍门店信息，并可以拉起地图导航、一键拨号等功能，进一步向感兴趣的用户介绍门店并引导到店。

* 支持所有推广目标（广告主须有线下门店）。


### 好友评论互动

**功能入口**

用户自然收到广告，点击“评论”，输入框左侧出现“@”button

**用户@好友评论互动**

1. 点击“@”button，调起微信通讯录，选择想要@的好友
2. 输入评论内容，完成发送
3. 被@的用户会收到朋友圈消息提醒，点击后进入消息列表页，从消息列表页可点击进入广告详情页
4. 在符合出广告条件的情况下，广告会插入到被@用户的feeds流

**其他说明**

1. 用户在被@场景下收到广告产生的曝光不扣费
2. 单次评论只能@一名好友，单条广告评论次数不限
3. 可@定向外好友


### 明星品牌合作介绍页

![1.png](https://bbx-pic.gtimg.com/bbx/pictures/2021/17_20210408225318_784787.png)

* 用户自然收到广告时，公众号的头像显示明星头像、昵称显示明星名称

* 点击头像昵称进入明星品牌合作介绍页，展示合作关系介绍、品牌名称、品牌头像、品牌介绍

*@明星品牌合作介绍页功能内测中，合作门槛为单次投放100万起，如有意向请联系咨询相应渠道经理/微信广告助手（ad_helper）。*

### xx个朋友可能看到

* “XX个朋友可能看到”展示在朋友圈广告文字链下方，字体样式颜色同朋友圈信息流时间展示

* 所有排期购买类型的朋友圈广告均可使用本功能


## 外层素材规范


### 文案

* 外层文案标题（可选）：少于10个字，不允许换行
* 外层文案详情（必填）：少于30个字，不允许换行

### 图片

* 图片尺寸：800×450像素
* 图片格式：大小要求在300KB以内，若超出系统会自动压缩，不支持GIF格式，其中文字占图片篇幅不超过30%

### 视频

* 时长：6-30 秒
* 格式：MP4
* 文件大小：≤ 100 MB
* 视频编码：H.264/AVC
* 格式类型：High Profile
* 分辨率：640×360px
* 采样纵横比：1:1
* 视频码率：≥ 800 kbit/s
* 帧率：推荐 24 fps
* 音频格式类型：LC
* 音频格式：AAC
* 音频码率：≤ 96 kbit/sec
* 音频采样率：推荐 44.1 kHz
* Scan type：progressive


## 推广目标及对应支持的推广页


[点击了解推广目标及对应支持投放的广告位](https://ad.weixin.qq.com/guide/108)

[点击了解推广页介绍与设计规范](https://ad.weixin.qq.com/guide/145)

### 推广品牌活动

原生推广页、原生推广页小程序版、公众号文章、微信小程序、自定义链接

### 推广我的门店

原生推广页、原生推广页小程序版、微信小程序、自定义链接

### 收集销售线索

原生推广页、原生推广页小程序版、微信小程序、自定义链接

### 推广我的商品

原生推广页、原生推广页小程序版、微信小程序、枫页落地页、自定义链接

### 推广我的应用

原生推广页、简版原生页、AppStore

### 推广我的公众号

原生推广页、公众号详情页

### 推广我的小游戏

原生推广页、微信小游戏",https://e.qq.com/ads/helpcenter/detail?cid=1546&pid=4644,2021-04-22 18:41:51
0,标签式卡片广告,"![微信截图_20210420105350.png](https://bbx-pic.gtimg.com/bbx/pictures/2021/17_20210420105427_049020.png)

# 标签式卡片广告

利用标签外显关键信息，精准吸引感兴趣的用户。


## 产品特点

* 丰富的行业标签，快速传递广告卖点

* 统一的形态展示，具有官方感，增强可信度


## 外层素材规范

### 文案

* 外层文案标题（可选）：少于10个字，不允许换行
* 外层文案详情（必填）：少于30个字，不允许换行

### 图片

* 图片尺寸：800×450像素
* 图片格式：大小要求在300KB以内，若超出系统会自动压缩，不支持GIF格式，其中文字占图片篇幅不超过30%

### 视频

* 时长：6-30 秒
* 格式：MP4
* 文件大小：≤ 100 MB
* 视频编码：H.264/AVC
* 格式类型：High Profile
* 分辨率：640×360px
* 采样纵横比：1:1
* 视频码率：≥ 800 kbit/s
* 帧率：推荐 24 fps
* 音频格式类型：LC
* 音频格式：AAC
* 音频码率：≤ 96 kbit/sec
* 音频采样率：推荐 44.1 kHz
* Scan type：progressive

### 标签

依据所属行业选择标签，可选1-3个标签，上限16字


## 可支持产品功能


### 门店标识

![28p7q007_5b22bb28.png](https://bbx-pic.gtimg.com/bbx/pictures/2021/17_20210412162749_443197.png)

* 门店标识位于广告外层的文字链下方，点击可跳转查看门店详情页。

* 门店详情页主要用来详细介绍门店信息，并可以拉起地图导航、一键拨号等功能，进一步向感兴趣的用户介绍门店并引导到店。

* 支持所有推广目标（广告主须有线下门店）。


### 好友评论互动

**功能入口**

用户自然收到广告，点击“评论”，输入框左侧出现“@”button

**用户@好友评论互动**

1. 点击“@”button，调起微信通讯录，选择想要@的好友
2. 输入评论内容，完成发送
3. 被@的用户会收到朋友圈消息提醒，点击后进入消息列表页，从消息列表页可点击进入广告详情页
4. 在符合出广告条件的情况下，广告会插入到被@用户的feeds流

**其他说明**

1. 用户在被@场景下收到广告产生的曝光不扣费
2. 单次评论只能@一名好友，单条广告评论次数不限
3. 可@定向外好友


### 明星品牌合作介绍页

![1.png](https://bbx-pic.gtimg.com/bbx/pictures/2021/17_20210408225318_784787.png)

* 用户自然收到广告时，公众号的头像显示明星头像、昵称显示明星名称

* 点击头像昵称进入明星品牌合作介绍页，展示合作关系介绍、品牌名称、品牌头像、品牌介绍

*@明星品牌合作介绍页功能内测中，合作门槛为单次投放100万起，如有意向请联系咨询相应渠道经理/微信广告助手（ad_helper）。*

### xx个朋友可能看到

* “XX个朋友可能看到”展示在朋友圈广告文字链下方，字体样式颜色同朋友圈信息流时间展示

* 所有排期购买类型的朋友圈广告均可使用本功能



## 推广目标及对应支持的推广页


[点击了解推广目标及对应支持投放的广告位](https://ad.weixin.qq.com/guide/108)

[点击了解推广页介绍与设计规范](https://ad.weixin.qq.com/guide/145)

### 推广品牌活动

原生推广页、公众号文章、微信小程序、详情页模板、自定义链接

### 推广我的门店

原生推广页、原生推广页小程序版、微信小程序、自定义链接

### 收集销售线索

原生推广页、原生推广页小程序版、微信小程序、自定义链接

### 推广我的商品

原生推广页、原生推广页小程序版、微信小程序、枫页落地页、自定义链接

### 推广我的应用

原生推广页、简版原生页、AppStore

### 推广我的公众号

原生推广页、公众号详情页

### 推广我的小游戏

原生推广页、微信小游戏",https://e.qq.com/ads/helpcenter/detail?cid=1546&pid=4645,2021-11-05 12:02:24
0,行动式卡片广告,"![微信截图_20210420105756.png](https://bbx-pic.gtimg.com/bbx/pictures/2021/17_20210420105825_267369.png)

# 行动式卡片广告

在卡片外层展示行动按钮，指引用户的下一步行动。


## 产品特点

* 外显行动展示，增强卡片的可点击感

* 丰富的文案选择，满足多种推广诉求


## 外层素材规范


### 文案

* 外层文案标题（可选）：少于10个字，不允许换行
* 外层文案详情（必填）：少于30个字，不允许换行

### 图片

* 图片尺寸：800×450像素
* 图片格式：大小要求在300KB以内，若超出系统会自动压缩，不支持GIF格式，其中文字占图片篇幅不超过30%

### 视频

* 时长：6-30 秒
* 格式：MP4
* 文件大小：≤ 100 MB
* 视频编码：H.264/AVC
* 格式类型：High Profile
* 分辨率：640×360px
* 采样纵横比：1:1
* 视频码率：≥ 800 kbit/s
* 帧率：推荐 24 fps
* 音频格式类型：LC
* 音频格式：AAC
* 音频码率：≤ 96 kbit/sec
* 音频采样率：推荐 44.1 kHz
* Scan type：progressive

### 按钮

指导用户的下一步行动，按不同推广目标可选择以下文案：

* 推广品牌活动：了解更多、领取优惠、预约购买、立即购买、立即预约
* 推广我的门店：了解更多、领取优惠、预约购买、立即购买、立即预约
* 收集销售线索：了解更多、预约购买、立即购买、立即预约、立即咨询
* 推广我的商品：了解更多、领取优惠、预约购买、立即购买、立即预约、去逛逛
* 推广我的应用：了解更多、领取优惠、下载应用、下载游戏
* 推广我的公众号：了解更多、关注公众号
* 推广我的小游戏：了解更多、进入小游戏、立即玩、打开游戏


## 可支持产品功能


### 门店标识

![28p7q007_5b22bb28.png](https://bbx-pic.gtimg.com/bbx/pictures/2021/17_20210412162749_443197.png)

* 门店标识位于广告外层的文字链下方，点击可跳转查看门店详情页。

* 门店详情页主要用来详细介绍门店信息，并可以拉起地图导航、一键拨号等功能，进一步向感兴趣的用户介绍门店并引导到店。

* 支持所有推广目标（广告主须有线下门店）。


### 好友评论互动

**功能入口**

用户自然收到广告，点击“评论”，输入框左侧出现“@”button

**用户@好友评论互动**

1. 点击“@”button，调起微信通讯录，选择想要@的好友
2. 输入评论内容，完成发送
3. 被@的用户会收到朋友圈消息提醒，点击后进入消息列表页，从消息列表页可点击进入广告详情页
4. 在符合出广告条件的情况下，广告会插入到被@用户的feeds流

**其他说明**

1. 用户在被@场景下收到广告产生的曝光不扣费
2. 单次评论只能@一名好友，单条广告评论次数不限
3. 可@定向外好友


### 明星品牌合作介绍页

![1.png](https://bbx-pic.gtimg.com/bbx/pictures/2021/17_20210408225318_784787.png)

* 用户自然收到广告时，公众号的头像显示明星头像、昵称显示明星名称

* 点击头像昵称进入明星品牌合作介绍页，展示合作关系介绍、品牌名称、品牌头像、品牌介绍

*@明星品牌合作介绍页功能内测中，合作门槛为单次投放100万起，如有意向请联系咨询相应渠道经理/微信广告助手（ad_helper）。*

### xx个朋友可能看到

* “XX个朋友可能看到”展示在朋友圈广告文字链下方，字体样式颜色同朋友圈信息流时间展示

* 所有排期购买类型的朋友圈广告均可使用本功能


## 推广目标及对应支持的推广页


[点击了解推广目标及对应支持投放的广告位](https://ad.weixin.qq.com/guide/108)

[点击了解推广页介绍与设计规范](https://ad.weixin.qq.com/guide/145)

### 推广品牌活动

原生推广页、公众号文章、微信小程序、详情页模板、自定义链接

### 推广我的门店

原生推广页、公众号文章、微信小程序、详情页模板、卡券页、自定义链接

### 收集销售线索

原生推广页、微信小程序、自定义链接

### 推广我的商品

原生推广页、微信小程序、枫页落地页、自定义链接

### 推广我的应用

原生推广页、简版原生页、AppStore

### 推广我的公众号

原生推广页、公众号详情页

### 推广我的小游戏

原生推广页、微信小游戏",https://e.qq.com/ads/helpcenter/detail?cid=1546&pid=4648,2021-04-20 11:33:56
0,选择式卡片广告,"![微信截图_20210420105945.png](https://bbx-pic.gtimg.com/bbx/pictures/2021/17_20210420105958_597989.png)
# 选择式卡片广告

一个广告，两套创意。双“键”合璧，吸引全民参与。


## 产品特点

* 双“键”合璧，支持两套不同创意推广页
* 用户按喜好主动选择，满足个性化表达需求
* 推广目标暂只支持品牌活动推广


## 适用场景

用户根据喜好进入不同创意落地页，丰富产品展示的同时也满足用户个性表达的需求，更容易激发社交传播。

选择式卡片样式对广告创意门槛高，左右按钮两套创意素材需有明确对比感和清晰信息表达，建议广告主在有合适创意时使用该形式。

朋友圈选择式卡片广告内测中，推广目标暂只支持品牌活动推广，合作门槛为单次投放100万起，如有意向请联系相应渠道经理/微信广告助手（ad_helper）。

操作流程图示

![136.png](https://bbx-pic.gtimg.com/bbx/pictures/2021/17_20210413165135_928950.png)


## 外层素材规范


### 文案

* 外层文案标题（可选）：少于10个字，不允许换行
* 外层文案详情（必填）：少于30个字，不允许换行

### 图片

* 图片尺寸：800×450像素
* 图片格式：大小要求在300KB以内，若超出系统会自动压缩，不支持GIF格式，其中文字占图片篇幅不超过30%

### 视频

* 时长：6-30 秒
* 格式：MP4
* 文件大小：≤ 100 MB
* 视频编码：H.264/AVC
* 格式类型：High Profile
* 分辨率：640×360px
* 采样纵横比：1:1
* 视频码率：≥ 800 kbit/s
* 帧率：推荐 24 fps
* 音频格式类型：LC
* 音频格式：AAC
* 音频码率：≤ 96 kbit/sec
* 音频采样率：推荐 44.1 kHz
* Scan type：progressive

### 按钮

* 左按钮：文案少于4个汉字，不允许出现标点符号
* 右按钮：文案少于4个汉字，不允许出现标点符号


## 可支持产品功能


### 门店标识

![28p7q007_5b22bb28.png](https://bbx-pic.gtimg.com/bbx/pictures/2021/17_20210412162749_443197.png)

* 门店标识位于广告外层的文字链下方，点击可跳转查看门店详情页。

* 门店详情页主要用来详细介绍门店信息，并可以拉起地图导航、一键拨号等功能，进一步向感兴趣的用户介绍门店并引导到店。

* 支持所有推广目标（广告主须有线下门店）。


### 好友评论互动

**功能入口**

用户自然收到广告，点击“评论”，输入框左侧出现“@”button

**用户@好友评论互动**

1. 点击“@”button，调起微信通讯录，选择想要@的好友
2. 输入评论内容，完成发送
3. 被@的用户会收到朋友圈消息提醒，点击后进入消息列表页，从消息列表页可点击进入广告详情页
4. 在符合出广告条件的情况下，广告会插入到被@用户的feeds流

**其他说明**

1. 用户在被@场景下收到广告产生的曝光不扣费
2. 单次评论只能@一名好友，单条广告评论次数不限
3. 可@定向外好友


### 明星品牌合作介绍页

![1.png](https://bbx-pic.gtimg.com/bbx/pictures/2021/17_20210408225318_784787.png)

* 用户自然收到广告时，公众号的头像显示明星头像、昵称显示明星名称

* 点击头像昵称进入明星品牌合作介绍页，展示合作关系介绍、品牌名称、品牌头像、品牌介绍


### xx个朋友可能看到

* “XX个朋友可能看到”展示在朋友圈广告文字链下方，字体样式颜色同朋友圈信息流时间展示

* 所有排期购买类型的朋友圈广告均可使用本功能


## 支持的推广目标

推广品牌活动


## 适用推广页类型

原生推广页",https://e.qq.com/ads/helpcenter/detail?cid=1546&pid=4655,2021-04-20 11:33:45
0,全幅式卡片广告,"![微信截图_20210420110023.png](https://bbx-pic.gtimg.com/bbx/pictures/2021/17_20210420110106_359847.png)

# 全幅式卡片广告

全新尺寸，极度吸引用户。


## 产品特点

* 采用更大的视觉尺寸，帮助讲述品牌故事
* 移动时代，更沉浸体验


## 适用场景

全幅式卡片广告跳转至首页是全屏视频的原生推广页，给用户带来更好的沉浸式体验。

朋友圈全幅式卡片广告内测中，推广目标暂只支持品牌活动推广，合作门槛为单次投放100万起，如有意向请联系相应渠道经理/微信广告助手（ad_helper）。


## 外层素材规范


### 文案

* 外层文案标题（可选）：少于10个字，不允许换行
* 外层文案详情（必填）：少于14个字，不允许换行

### 视频

* 时长：6-30 秒
* 格式：MP4
* 文件大小：≤ 100 MB
* 视频编码：H.264/AVC
* 格式类型：High Profile
* 分辨率：640×360px
* 采样纵横比：1:1
* 视频码率：≥ 800 kbit/s
* 帧率：推荐 24 fps
* 音频格式类型：LC
* 音频格式：AAC
* 音频码率：≤ 96 kbit/sec
* 音频采样率：推荐 44.1 kHz
* Scan type：progressive


## 可支持产品功能


### 门店标识

![28p7q007_5b22bb28.png](https://bbx-pic.gtimg.com/bbx/pictures/2021/17_20210412162749_443197.png)

* 门店标识位于广告外层的文字链下方，点击可跳转查看门店详情页。

* 门店详情页主要用来详细介绍门店信息，并可以拉起地图导航、一键拨号等功能，进一步向感兴趣的用户介绍门店并引导到店。

* 支持所有推广目标（广告主须有线下门店）。


### 好友评论互动

**功能入口**

用户自然收到广告，点击“评论”，输入框左侧出现“@”button

**用户@好友评论互动**

1. 点击“@”button，调起微信通讯录，选择想要@的好友
2. 输入评论内容，完成发送
3. 被@的用户会收到朋友圈消息提醒，点击后进入消息列表页，从消息列表页可点击进入广告详情页
4. 在符合出广告条件的情况下，广告会插入到被@用户的feeds流

**其他说明**

1. 用户在被@场景下收到广告产生的曝光不扣费
2. 单次评论只能@一名好友，单条广告评论次数不限
3. 可@定向外好友


### 明星品牌合作介绍页

![1.png](https://bbx-pic.gtimg.com/bbx/pictures/2021/17_20210408225318_784787.png)

* 用户自然收到广告时，公众号的头像显示明星头像、昵称显示明星名称

* 点击头像昵称进入明星品牌合作介绍页，展示合作关系介绍、品牌名称、品牌头像、品牌介绍

### xx个朋友可能看到

* “XX个朋友可能看到”展示在朋友圈广告文字链下方，字体样式颜色同朋友圈信息流时间展示

* 所有排期购买类型的朋友圈广告均可使用本功能


## 支持的推广目标

品牌活动推广


## 适用推广页类型

原生推广页、原生推广页小程序版、微信小程序、自定义链接",https://e.qq.com/ads/helpcenter/detail?cid=1546&pid=4656,2021-04-20 11:33:11
0,全景式卡片广告,"![微信截图_20210420110234.png](https://bbx-pic.gtimg.com/bbx/pictures/2021/17_20210420110251_644456.png)

# 全景式卡片广告


360°沉浸体验，全方位展现推广产品。


## 产品特点

*  创新互动形式，用户转动手机，360°了解产品
* 右上角全景标识，凸显广告特殊性

朋友圈全景式卡片广告内测中，推广目标暂只支持品牌活动推广，合作门槛为单次投放100万起，如有意向请联系相应渠道经理/微信广告助手（ad_helper）。


## 外层素材规范


### 文案

* 外层文案标题（可选）：少于10个字，不允许换行
* 外层文案详情（可选）：少于14个字，不允许换行

### 图片

* 图片尺寸：2048×1024像素
* 图片格式：大小要求在1.7MB以内，若超出系统会自动压缩，不支持GIF格式，其中文字占图片篇幅不超过30%


## 可支持产品功能


### 门店标识

![28p7q007_5b22bb28.png](https://bbx-pic.gtimg.com/bbx/pictures/2021/17_20210412162749_443197.png)

* 门店标识位于广告外层的文字链下方，点击可跳转查看门店详情页。

* 门店详情页主要用来详细介绍门店信息，并可以拉起地图导航、一键拨号等功能，进一步向感兴趣的用户介绍门店并引导到店。

* 支持所有推广目标（广告主须有线下门店）。


### 好友评论互动

**功能入口**

用户自然收到广告，点击“评论”，输入框左侧出现“@”button


**用户@好友评论互动**

1. 点击“@”button，调起微信通讯录，选择想要@的好友
2. 输入评论内容，完成发送
3. 被@的用户会收到朋友圈消息提醒，点击后进入消息列表页，从消息列表页可点击进入广告详情页
4. 在符合出广告条件的情况下，广告会插入到被@用户的feeds流


**其他说明**

1. 用户在被@场景下收到广告产生的曝光不扣费
2. 单次评论只能@一名好友，单条广告评论次数不限
3. 可@定向外好友


### 明星品牌合作介绍页

![1.png](https://bbx-pic.gtimg.com/bbx/pictures/2021/17_20210408225318_784787.png)

* 用户自然收到广告时，公众号的头像显示明星头像、昵称显示明星名称

* 点击头像昵称进入明星品牌合作介绍页，展示合作关系介绍、品牌名称、品牌头像、品牌介绍


### xx个朋友可能看到

* “XX个朋友可能看到”展示在朋友圈广告文字链下方，字体样式颜色同朋友圈信息流时间展示

* 所有排期购买类型的朋友圈广告均可使用本功能


## 支持的推广目标

品牌活动推广


## 适用推广页类型

原生推广页",https://e.qq.com/ads/helpcenter/detail?cid=1546&pid=4657,2021-04-20 11:32:59
0,商品化投放,"# 功能介绍
<video x-webkit-airplay=""true""
        webkit-playsinline=""""
        playsinline=""true""
        controls=""""
        autoplay muted src=""https://bbx-video.gtimg.com/0bf2imajmaaadqacnoqsz5qfuq6dszbqbfqa.f0.mp4"">
        <source src=https://bbx-video.gtimg.com/0bf2imajmaaadqacnoqsz5qfuq6dszbqbfqa.f0.mp4 type=""video/mp4"">
        </video>
				
				
**腾讯广告投放全面商品化，在常规展示广告流程中新增商品的选择。让广告主更好的表达广告营销内容。同时配套支持多维度的商品报表及管理。**

## 1. 什么是商品？

商品是对广告营销内容的详细描述。带有商品的广告在普通广告的基础上，针对广告推广的“商品”进行了特别优化，使广告系统能更好的理解商品，也能根据商品特征更准确地匹配目标人群，从而提升转化。商品信息能够更好地帮助广告系统理解这条广告在卖什么商品，并根据积累的数据进一步判断哪些人群对这一商品更感兴趣，从而成功曝光在他们面前，获得更高的转化。

**分行业商品示例：**


| 行业 | 商品示例 | 
| -------- | -------- |
| 电商| 如品牌电商广告主的nike球鞋，优衣库衬衫等；垂直电商广告主的生鲜产品、翡翠等 | 
|教育|课程如中小英语课等|
|阅读|书本如西游记、水浒传等|
|视频|站内长/短视频，如广场舞视频、电竞视频、搞笑视频等


**商品中可以包含哪些信息：**
![配图_画板 1(1).jpg](https://bbx-pic.gtimg.com/bbx/pictures/2020/192_20201111112421_477748.jpg) 


## 2. 商品对广告投放效果有什么帮助？

与没有商品信息的广告的“广告找人”模式不同，拥有商品信息的广告属于“广告+商品找人”模式。通过引入商品特征，人在商品上的行为数据，兴趣数据等，找真正对投放的商品感兴趣的人，**有效提升广告起量率及转化率**。


# 使用指引
## 3. 如何创建商品？
拥有商品信息的广告的优势在于提升受众与广告之间匹配的精准性，精准性的提高源于商品信息有效的应用在受众与广告的相关性预估中。因此商品信息完整性的重要程度不言而喻，越是完整的商品信息越能够发挥出商品广告的潜力，达到更好的投放效果。

目前创建商品有三种方法：
* 通过自动识别创建商品
* 在投放流程中手动创建商品
* 通过商品广告中心创建商品
## 3.1 通过自动识别创建商品
投放端支持通过自动识别创建商品：系统在广告创建流程中提取创意层级内容识别并生成商品信息，广告主可完善识别结果，投放后生成的商品会自动储存在商品库内方便下次投放使用。（该能力灰度控制中）

**使用建议：为了提高投放效果，投放广告时建议优先使用已有商品，在没有适用商品时再使用自动识别功能。**

*支持行业：目前本功能支持电商，教育，金融行业，其他行业会逐渐开放。*

### 自动识别使用流程：
![image (3).png](https://bbx-pic.gtimg.com/bbx/pictures/2020/192_20201111112626_396238.png)
### 开启自动识别功能：
* 在广告层级下目标详情的商品选择“自动识别”。

* 如果当前没有可用商品库，系统支持快速创建商品库，选择行业后方可快速创建商品库。
![6.png](https://bbx-pic.gtimg.com/bbx/pictures/2020/192_20201111112753_146202.png)
### 添加商品：
* 开启自动识别，上方会显示商品框并默认放入一个商品，点击右上角“添加商品”可添加至最多10个商品。

* 商品框内放入一个商品，代表会在识别商品后创建一个单商品广告，商品框添加至多个商品，代表建立多个单商品广告。
![5.png](https://bbx-pic.gtimg.com/bbx/pictures/2020/192_20201111112904_683214.png)

**识别商品信息：**

（1）完善商品的创意内容：

进入创意层级后，可为商品输入对应的创意内容。在创意文案或广告名称中填写产品关键词如球鞋等，将有效提升识别精确度。多个商品的情况下需要完善每个商品对应的创意内容，点击商品栏中的商品可切换至对应商品的创意内容。

（2）识别商品信息：

* 填写完成必填的创意内容后，点击下方“开始识别”按钮，系统会提取创意信息，识别品牌名称/商品类目/价格等，并展示识别结果。多个商品时需对每个商品进行识别。

* 如系统提示识别商品为已有商品，建议使用对应的已有商品创建广告。

（3）确认&完善商品信息：

商品识别成功后，请确认商品信息识别准确度。通过编辑商品信息，完善不准确或未成功识别的商品信息，将有效提升广告效果。 
![image (5).png](https://bbx-pic.gtimg.com/bbx/pictures/2020/192_20201111113045_627509.png)

## 3.2 在投放流程中手动创建商品
广告主可以在投放流程中快速简单的通过手动输入创建商品。操作路径如下：

（1）在“选择已有商品”下，点击“新建商品”；目前支持电商/教育/金融/阅读/视频/房地产行业<br>
（2）右侧出现商品侧滑框。如没有自有商品库，平台将根据广告主行业默认新建自有商品库；如已有自有商品库，平台将默认选取已有商品库，新建商品将存放在该商品库中。<br>
（3）可简易填写商品信息，点击添加商品可创建多个商品，一次最多可创建10个商品。<br>
（4）在本次投放流程中创建的商品支持编辑修改商品信息。

![3.2_图1.png](https://bbx-pic.gtimg.com/bbx/pictures/2021/192_20210220164849_829646.png)
![3.2_图2.png](https://bbx-pic.gtimg.com/bbx/pictures/2021/192_20210220164857_380792.png)
## 3.3 通过商品广告中心创建商品
广告主可以通过商品广告中心创建商品库和商品，商品广告中心针对不同商品量级和商品广告形式的广告主支持不同的创建模式。

### 商品广告数据中心入口：
导航栏下“资产” -> “商品广告”

### 创建商品库：

点击新建商品库 -> 选择商品库类型 ->选择商品库规模 -> 填写商品库名称 ->确认
![9.png](https://bbx-pic.gtimg.com/bbx/pictures/2020/192_20201111113351_222439.png)
### 创建商品：

进入商品库后点击新建商品 ->选择接入模式：接入模式有三种可以选择，不同的模式适用于不同的商品广告形式和商品数量。

## 4. 如何投放广告？
## 4.1 广告层级设置：
进入广告层级后在广告形式中选择
**“常规展示广告”**
![4.1图1.png](https://bbx-pic.gtimg.com/bbx/pictures/2021/192_20210220165646_588674.png)
并在目标详情中使用商品，选择
**“选择已有商品”**
或
**“自动识别”**。
勾选多个已有商品将在整体提交后投放多条相同设置的广告，进入创意层级后需要为每条广告填写创意内容。
![4.1图2.png](https://bbx-pic.gtimg.com/bbx/pictures/2021/192_20210220165651_881506.png)
## 4.2 创意层级设置：
进入创意层级后，通过顶部商品导航栏切换商品可以为不同广告填写创意内容。
![4.2图1.png](https://bbx-pic.gtimg.com/bbx/pictures/2021/192_20210220165701_408541.png)
填写创意内容时，可以选择使用
**“商品模版”**
（广告层级选择“自动识别”无法使用商品模版）。选择商品模版后，系统将拉取商品图片/视频并进行实时合成，快速生成广告创意图片/视频。

![4.2图2.png](https://bbx-pic.gtimg.com/bbx/pictures/2021/192_20210220165710_506469.png)
**商品模版选择界面：**
![4.2图3.png](https://bbx-pic.gtimg.com/bbx/pictures/2021/192_20210220165715_265710.png)

## 5. 查看商品广告数据

为方便商品广告广告主针对商品数据进行深入分析，提升选品效率，腾讯广告在报表中心中设立商品分析。通过该报表，可以进行：

* 商品/商品系列/品牌/类目/店铺等维度的报表数据的查看

* 在上述粒度下，支持按照场景细分计划/广告/广告创意进行细分查看

**提示：投放端暂时仅支持展示前1000条商品数据（默认按曝光排序，可自行指定其他指标进行排序）**

## 商品分析使用介绍
### 参看入口：
报表中心 -> 商品分析
![15.png](https://bbx-pic.gtimg.com/bbx/pictures/2020/192_20201111113755_872516.png)

（1）指定商品库，默认指定一个

（2）支持的报表数据粒度：商品库整体/商品/系列/类目/品牌/店铺粒度

（3）设置数据细分：查看商品（系列/类目/品牌/店铺）粒度下，分计划/广告/广告创意的细分效果数据。
当设置细分后，通过选择列表中的“数据明细”，查看该商品下，所选细分的所有明细数据：
![16.png](https://bbx-pic.gtimg.com/bbx/pictures/2020/192_20201111113821_454383.png)

（4）筛选：
	
* 	 广告形态：筛选sDPA/mDPA效果数据
	
* 	广告版位：筛选不同流量上的效果数据
	
* 	商品：通过搜索商品名称/ID筛选出指定商品（可多选）的效果数

## 6. 商品管理
为了进一步完善广告主对商品的管理能力和分析效率，ad.qq.com投放端在推广管理下新增商品管理模块。商品模块以商品维度展现效果数据，并支持下钻商品关联的广告和创意列表，实现以商品维度对广告和创意的管理。
## 6.1 适用场景：
**适用广告：**
本功能适用于使用
**单商品广告（sDPA）**
的广告主，多商品广告（mDPA）的相关信息和数据不会被纳入在本模块中。目前投放单商品广告有两种投放流程：

1.广告形式中选择
**“商品广告”**（历史旧投放流程）
![6.1图1.png](https://bbx-pic.gtimg.com/bbx/pictures/2021/192_20210220171629_229406.png)
2. 广告形式中选择
**“常规展示广告”**
并在目标详情中使用商品（新投放流程，灰度中，已对电商，教育，金融-保险/理财，阅读全量）
![6.1图2.png](https://bbx-pic.gtimg.com/bbx/pictures/2021/192_20210220171635_273135.png)
**核心功能：**
1. 广告主在投放单商品广告后，可使用商品管理
**快捷的查看和对比各商品的综合效果**
，帮助广告主选品。
2. 通过下钻功能，广告主可以
**高效的查看商品关联的广告/广告创意**
，并进行启动、暂停、编辑、复制等操作和管理。

## 6.2 具体功能介绍：
**商品管理入口：**
* 商品管理入口位于投放管理平台顶部导航栏的 “推广” 下，选择“商品”进入商品管理：
![6.2图1.png](https://bbx-pic.gtimg.com/bbx/pictures/2021/192_20210220171640_059705.png)
* 商品管理中的每行代表一个投放过广告的商品。列表展现了商品信息（商品图片、ID、名称）、关联广告/创意数以及商品的综合效果数据。通过本列表可以快速的对比各商品的综合效果。

**查看指定商品下的关联广告和广告创意：**
* “关联广告数”与“关联创意数”分别展现了自2020年9月1日使用此商品投放过的单商品广告数量，以及所有关联广告下创意总数，帮助广告主了解商品的投放情况。通过点击“关联广告数”与“关联创意数”列对应的数字，广告主可以下钻至该商品的关联广告及广告创意列表进行查看与管理。

![6.2图2.png](https://bbx-pic.gtimg.com/bbx/pictures/2021/192_20210220171644_054606.png)",https://e.qq.com/ads/helpcenter/detail?cid=1516&pid=4402,2021-11-04 11:41:17
0,小程序格子广告,"![微信截图_20210420115638.png](https://bbx-pic.gtimg.com/bbx/pictures/2021/17_20210420115734_846526.png)

# 小程序格子广告

## 产品特点

* 支持小游戏推广目标。
* 流量主结合不同小程序特点，自定义广告展现场景，提升广告的场景融合度。


## 适用场景

格子广告展现场景由小程序流量主自定义，根据各自小程序的特点，灵活设置展现页面与位置。格子广告的常见展现场景为：文章页 - 文章末尾、详情页 - 页面底部、信息流 - 信息流顶部或信息流之间、小游戏场景切换、通关场景。


## 支持的推广目标

* 推广我的小游戏


## 广告位置

* 广告位在小程序页面内，由小程序流量主决定实际播放位置，将自动展示格子广告（包含5个或8个头像和昵称，开发者设定）",https://e.qq.com/ads/helpcenter/detail?cid=578&pid=4665,2021-04-20 11:57:42
0,推广品牌活动,"<img src='https://bbx-pic.gtimg.com/bbx/pictures/2021/17_20210414160351_110653.png' style='width:280px;margin:auto'></img>

## 产品特点

* 支持不同售卖方式，兼顾品牌/效果客户需求

* 支持多种推广页，按需设置广告跳转效果

* 支持16:9大图式卡片/16:9视频式卡片，凸显品牌格调


## 适用场景

公众号底部广告品牌活动推广可以帮助广告主实现海量品牌曝光，传递品牌调性，强化品牌形象；并赋能多种推广页以满足不同广告跳转效果，辅助以小程序礼品卡等生态内产品，配合精准定向，实现品效合一。

操作流程图示
![2.png](https://bbx-pic.gtimg.com/bbx/pictures/2021/17_20210414160341_085072.png)
*点击图片可放大查看*

## 适用样式及规范

### 视频式卡片

* 视频尺寸：960 × 540像素

* 视频大小：文件大小不超过3.4MB

* 视频长度：6-30秒

![3.png](https://bbx-pic.gtimg.com/bbx/pictures/2021/17_20210414160505_504591.png)


### 大图式卡片

* 素材尺寸：960 × 540像素

* 大小不超过80K，支持bmp, png, jpeg, jpg格式

* （图示带信息栏的样式仍在灰度中，投放时请以预览效果为准）

![4.png](https://bbx-pic.gtimg.com/bbx/pictures/2021/17_20210414160614_960152.png)


### 图片式卡片

* 素材尺寸：960*334

* 像素 大小不超过100K，支持bmp, png, jpeg, jpg格式

![5.png](https://bbx-pic.gtimg.com/bbx/pictures/2021/17_20210414160707_900579.png)


### 图片式banner

* 素材尺寸：960 × 334 像素

* 大小不超过100K，支持bmp, png, jpeg, jpg格式

![6.png](https://bbx-pic.gtimg.com/bbx/pictures/2021/17_20210414160835_302429.png)


### 图文式banner

* 素材尺寸：960 × 334 像素

* 大小不超过100K，支持bmp, png, jpeg, jpg格式

![7.png](https://bbx-pic.gtimg.com/bbx/pictures/2021/17_20210414161207_339459.png)


## 适用推广页类型

自定义链接 小程序（非游戏类目） 公众号文章 原生推广页",https://e.qq.com/ads/helpcenter/detail?cid=1567&pid=4667,2021-11-05 12:02:45
0,滑动式卡片广告,"![微信截图_20210420110508.png](https://bbx-pic.gtimg.com/bbx/pictures/2021/17_20210420110526_399856.png)

# 滑动式卡片广告

简洁“滑动”小互动，结合品牌的创意，给用户营造全新奇趣的视频体验，参与成为品牌创意的一份子


## 产品特点

* 可贴合品牌故事设置滑动路径
* 仅支持视频类型素材

朋友圈滑动式卡片广告内测中，推广目标暂只支持品牌活动推广，合作门槛为单次投放100万起，如有意向请联系相应渠道经理/微信广告助手（ad_helper）。


## 外层素材规范


### 视频

* 时长：6-30 秒
* 格式：MP4
* 文件大小：≤ 100 MB
* 视频编码：H.264/AVC
* 格式类型：High Profile
* 分辨率：960×720px
* 采样纵横比：1:1
* 视频码率：≥ 800 kbit/s
* 帧率：推荐 24 fps
* 音频格式：AAC
* 音频格式类型：LC
* 音频码率：≤ 96 kbit/sec
* 音频采样率：推荐 44.1 kHz
* Scan type：progressive


## 可支持产品功能


### 门店标识

![28p7q007_5b22bb28.png](https://bbx-pic.gtimg.com/bbx/pictures/2021/17_20210412162749_443197.png)

* 门店标识位于广告外层的文字链下方，点击可跳转查看门店详情页。

* 门店详情页主要用来详细介绍门店信息，并可以拉起地图导航、一键拨号等功能，进一步向感兴趣的用户介绍门店并引导到店。

* 支持所有推广目标（广告主须有线下门店）。


### 好友评论互动

**功能入口**

用户自然收到广告，点击“评论”，输入框左侧出现“@”button

**用户@好友评论互动**

1. 点击“@”button，调起微信通讯录，选择想要@的好友
2. 输入评论内容，完成发送
3. 被@的用户会收到朋友圈消息提醒，点击后进入消息列表页，从消息列表页可点击进入广告详情页
4. 在符合出广告条件的情况下，广告会插入到被@用户的feeds流

**其他说明**

1. 用户在被@场景下收到广告产生的曝光不扣费
2. 单次评论只能@一名好友，单条广告评论次数不限
3. 可@定向外好友


### 明星品牌合作介绍页

![1.png](https://bbx-pic.gtimg.com/bbx/pictures/2021/17_20210408225318_784787.png)

* 用户自然收到广告时，公众号的头像显示明星头像、昵称显示明星名称

* 点击头像昵称进入明星品牌合作介绍页，展示合作关系介绍、品牌名称、品牌头像、品牌介绍


### xx个朋友可能看到

* “XX个朋友可能看到”展示在朋友圈广告文字链下方，字体样式颜色同朋友圈信息流时间展示

* 所有排期购买类型的朋友圈广告均可使用本功能


## 支持的推广目标

品牌活动推广


## 适用推广页类型

原生推广页、原生推广页小程序版、微信小程序、自定义链接",https://e.qq.com/ads/helpcenter/detail?cid=1546&pid=4669,2021-04-20 11:32:47
0,长按式卡片广告,"![微信截图_20210420110614.png](https://bbx-pic.gtimg.com/bbx/pictures/2021/17_20210420110624_150266.png)

# 长按式卡片广告

全新的“长按”互动和朋友圈的氛围动效，让用户亲手发现品牌彩蛋惊喜，感受品牌的爱意。


## 产品特点

* 可贴合品牌故事设置长按互动，触发视频隐藏情节
* 用户在长按时，可触发品牌氛围动效
* 仅支持视频类型素材

朋友圈长按式卡片广告内测中，推广目标暂只支持品牌活动推广，合作门槛为单次投放500万起，如有意向请联系相应渠道经理/微信广告助手（ad_helper）。


## 外层素材规范

### 视频

* 时长：6-30 秒
* 格式：MP4
* 文件大小：≤ 100 MB
* 视频编码：H.264/AVC
* 格式类型：High Profile
* 分辨率：960×720px
* 采样纵横比：1:1
* 视频码率：≥ 800 kbit/s
* 帧率：推荐 24 fps
* 音频格式：AAC
* 音频格式类型：LC
* 音频码率：≤ 96 kbit/sec
* 音频采样率：推荐 44.1 kHz
* Scan type：progressive


## 可支持产品功能


### 门店标识

![28p7q007_5b22bb28.png](https://bbx-pic.gtimg.com/bbx/pictures/2021/17_20210412162749_443197.png)

* 门店标识位于广告外层的文字链下方，点击可跳转查看门店详情页。

* 门店详情页主要用来详细介绍门店信息，并可以拉起地图导航、一键拨号等功能，进一步向感兴趣的用户介绍门店并引导到店。

* 支持所有推广目标（广告主须有线下门店）。


### 好友评论互动

**功能入口**

用户自然收到广告，点击“评论”，输入框左侧出现“@”button

**用户@好友评论互动**

1. 点击“@”button，调起微信通讯录，选择想要@的好友
2. 输入评论内容，完成发送
3. 被@的用户会收到朋友圈消息提醒，点击后进入消息列表页，从消息列表页可点击进入广告详情页
4. 在符合出广告条件的情况下，广告会插入到被@用户的feeds流

**其他说明**

1. 用户在被@场景下收到广告产生的曝光不扣费
2. 单次评论只能@一名好友，单条广告评论次数不限
3. 可@定向外好友


### 明星品牌合作介绍页

![1.png](https://bbx-pic.gtimg.com/bbx/pictures/2021/17_20210408225318_784787.png)

* 用户自然收到广告时，公众号的头像显示明星头像、昵称显示明星名称

* 点击头像昵称进入明星品牌合作介绍页，展示合作关系介绍、品牌名称、品牌头像、品牌介绍


### xx个朋友可能看到

* “XX个朋友可能看到”展示在朋友圈广告文字链下方，字体样式颜色同朋友圈信息流时间展示

* 所有排期购买类型的朋友圈广告均可使用本功能


## 支持的推广目标

品牌活动推广


## 适用推广页类型

原生推广页、原生推广页小程序版、微信小程序、自定义链接",https://e.qq.com/ads/helpcenter/detail?cid=1546&pid=4670,2021-04-20 11:32:34
0,公众号文中广告,"![微信截图_20210420114706.png](https://bbx-pic.gtimg.com/bbx/pictures/2021/17_20210420114718_030262.png)

## 产品特点

* 广告出现在公众号文章正文中，采用16：9大图形式，增加广告曝光机会
* 广告与公众号文章上下文具有相关性，提高广告转化效率


## 适用场景

适用于电商、品牌与APP下载广告主进行商品推广、品牌推介与应用推广，16：9大图形式利于展现与传达更多商品、品牌与APP信息，小程序落地页为广告主提供了更强的粉丝转化和沉淀能力，自定义链接满足了广告主更个性化的创意表达。

操作流程图示

![196.png](https://bbx-pic.gtimg.com/bbx/pictures/2021/17_20210414165523_259147.png)
*单击图片可放大查看*


## 适用样式及规范


### 图片式卡片

素材尺寸：960*540像素
大小不超过80KB，支持bmp,png,jpeg,jpg格式

![ymj4wavm_c2f7a7bd.png](https://bbx-pic.gtimg.com/bbx/pictures/2021/17_20210414173955_745897.png)


### 图文式卡片

素材尺寸：960*540像素
大小不超过80KB，支持bmp,png,jpeg,jpg格式

![4jdnwqwu_4b80ccd2.png](https://bbx-pic.gtimg.com/bbx/pictures/2021/17_20210414174052_690936.png)


## 支持的推广目标

推广品牌活动 推广我的商品 推广我的应用 推广我的小游戏 推广我的公众号 收集销售线索


## 适用推广页类型

小程序（非游戏类目） 原生推广页 自定义链接 微信小游戏 公众号详情页 应用下载页 商品购买页",https://e.qq.com/ads/helpcenter/detail?cid=1568&pid=4673,2021-04-20 11:48:34
0,公众号互选广告,"![微信截图_20210420114531.png](https://bbx-pic.gtimg.com/bbx/pictures/2021/17_20210420114549_158142.png)

微信公众号互选广告，是广告主和流量主通过微信广告平台双向互选、自由达成合作的一种投放模式，广告创意呈现在公众号文章内。


## 产品特点

* 真实、全面的数据服务，安全、高效的交易流程
* 内容场景营销，外层支持图片/视频形态，更具表现力的广告样式
* 广告推荐、内容定制两种合作模式，助力品牌主与公众号粉丝群体深度沟通

操作流程图示

![144.png](https://bbx-pic.gtimg.com/bbx/pictures/2021/17_20210415103305_585870.png)

<div style=""width: 150px; margin:0 auto"">单击图片可放大查看</div>


## 合作模式

根据与流量主的合作深度，互选广告支持两种合作模式：广告推荐模式、内容定制模式。


### 广告推荐模式

**高效提升品牌声量**

* 广告推荐是支持流量主在文章末尾植入广告宣传语及广告卡片。
* 广告宣传语作为本次推广想要传递的核心信息，将作为文章内容的一部分放置在广告卡片上方；文章主题及内容无强制要求与广告相关，文章内容经过预览后无需审稿确认即可发布。
* 广告推荐**按合作文章进行收费**，且流量主会设置承诺曝光，完成承诺曝光，即按照约定价格进行收费，多余的曝光为赠送曝光；**未完成承诺曝光，则按比例进行收费。**


### 内容定制模式

**深度塑造品牌形象**

* 内容定制指的是流量主的文章主题、内容均为广告主定制化撰写，文章末尾亦有广告卡片。
* 内容定制双方可就内容合作的具体需求进行沟通和协商；文章内容经广告主审稿确认后方可发布。
* 内容定制**按文章进行收费，无承诺曝光。**


## 适用样式及规范


### 图片型

素材尺寸：960 * 540像素

![6a6uuqbr_d2b5ca33.png](https://bbx-pic.gtimg.com/bbx/pictures/2021/17_20210415104231_276882.png)


### 视频型（4:3）

素材尺寸：960 * 720像素

![epesi9f2_a876ed62.png](https://bbx-pic.gtimg.com/bbx/pictures/2021/17_20210415104312_551084.png)


### 视频型（16:9）

素材尺寸：960 * 540像素

![cv5mqtbz_1ea675aa.png](https://bbx-pic.gtimg.com/bbx/pictures/2021/17_20210415104358_231202.png)


## 支持的推广目标

推广品牌活动 推广我的公众号 推广我的小游戏


## 适用推广页类型

自定义链接 公众号文章 小程序落地页 原生推广页",https://e.qq.com/ads/helpcenter/detail?cid=1569&pid=4685,2021-04-22 18:47:27
0,公众号文章视频贴片广告,"![微信截图_20210420114958.png](https://bbx-pic.gtimg.com/bbx/pictures/2021/17_20210420115017_415757.png)


## 产品特点

* 用视频展示创意，让广告创意更丰富
* 素材类型丰富，图片型（5秒）和视频型（6-15秒），根据用户习惯选择合适的素材


## 适用场景

公众号文章视频贴片广告内嵌在Wi-Fi及4G环境下公众号文章内时长 >3 分钟的视频前，可以更好吸引用户的注意力，增加用户广告停留时长，提供两种素材类型，展现形式多样。

操作流程图示
![143.png](https://bbx-pic.gtimg.com/bbx/pictures/2021/17_20210415113610_257239.png)
*单击图片可放大查看*


## 适用样式及规范

### 图片型（5秒，不支持手动关闭）

素材尺寸：690×388像素
大小不超过80KB，支持bmp,png,jpeg,jpg格式

![q8mzyhd8_b1476762.png](https://bbx-pic.gtimg.com/bbx/pictures/2021/17_20210415113838_855780.png)


### 视频型（6-15秒，观看6秒后可手动关闭）

时长：6-15秒
格式：MP4
视频编码：H.264/AVC
格式类型：Main Profile
分辨率：960×540px
采样纵横比：1:1
文件大小：≤ 1.7MB
视频码率：≤ 800 kbit/s
帧率推荐：24 fps
音频格式：AAC
音频码率：≤ 96 kbit/sec
音频采样率推荐：44.1 kHz

![rbjbm4rv_d9c88e69.png](https://bbx-pic.gtimg.com/bbx/pictures/2021/17_20210415113935_874144.png)


## 支持的推广目标

推广品牌活动 推广我的应用 推广我的公众号 推广我的商品 收集销售线索 推广我的小游戏


## 适用推广页类型

自定义链接 公众号文章 小程序（非游戏类目） 微信小游戏 原生推广页",https://e.qq.com/ads/helpcenter/detail?cid=1570&pid=4687,2021-04-22 18:48:08
0,返佣商品CPS广告,"![微信截图_20210420115115.png](https://bbx-pic.gtimg.com/bbx/pictures/2021/17_20210420115128_419721.png)

## 产品特点

* 广告计费友好，为最终成交付费
* 广告直达小程序，提升用户转化效率
* 广告形式灵活多样，有机会出现在文中任意位置


## 适用场景

公众号返佣商品广告可以帮助广告主以最高效的方式推广商品，广告主通过返佣商品API同步小程序内商品并设置佣金比例后，商品被即可插入到图文任意位置，当商品实际成交后将会按照广告主设置的佣金比例扣去相应广告费用。

操作流程图示
![微信截图_20210415114435.png](https://bbx-pic.gtimg.com/bbx/pictures/2021/17_20210415114820_911008.png)
*单击图片可放大查看*

## 投放流程

申请开通返佣商品推广资质成功后，通过API接口导入商品投放 [详情请见文档](https://ad.weixin.qq.com/pdf.html?id=459)


## 适用样式及规范


### 海报式广告

![r7h5cfv7_d5c370b4.png](https://bbx-pic.gtimg.com/bbx/pictures/2021/17_20210415114950_905020.png)


### 列表式广告

![z0shlj9j_fd9ca8a5.png](https://bbx-pic.gtimg.com/bbx/pictures/2021/17_20210415115116_063101.png)


## 支持的推广目标

推广我的商品


## 适用推广页类型

小程序（且小程序内商品通过返佣商品API导入微信商品库）",https://e.qq.com/ads/helpcenter/detail?cid=1571&pid=4688,2021-04-20 11:51:45
0,首日付费ROI出价指引,"# 功能介绍

##  1. 产品介绍

为提升游戏广告投放的付费ROI效果，AMS现推出
**【激活+首日付费ROI】**
优化能力，客户可以根据自身产品的情况，设定激活出价+首日ROI系数，系统将通过对用户的付费价值精准预估，帮助客户获取高付费能力的用户，优化后端ROI效果。

使用ROI出价功能后，游戏广告主能够在有效提升ROI控制力的同时，通过调节ROI系数筛选符合自身游戏的高意向、高价值目标用户，进而有效提高投放效果，提升投放效率。


## 2. 适用客户

1. 对**激活成本&首日付费ROI**要求严格
1. 投放应用为
**APP类（Android/iOS）游戏**，或者**微信小游戏**

# 使用指引
## 一、使用要求

为保障【首日付费ROI】的投放效果，前置要求投放的Appid同时满足【付费数据充分】、【付费数据准确】、【付费数据完整】三个门槛，详情参考[首日付费ROI投放自动鉴权](https://e.qq.com/ads/helpcenter/detail?cid=516&pid=5500)

* 三个门槛均满足即可自动获得投放权限无需申请开白
* 其中一个或一个以上不满足则暂时无法投放，满足后即可重新获得权限

请有需要投放【首日付费ROI】的广告主注意检查&提升付费回传的质量，以免影响功能使用。


## 二、投放指引

### 1. 投放流程

选择oCPM/oCPC出价->选择【激活】优化目标&填写出价->开启深度转化优化->选择优化ROI->选择深度优化目标【首日付费ROI】&填写目标ROI系数
![nJxIkFOfcO2QpdOeU9JRbw.png](https://bbx-pic.gtimg.com/bbx/pictures/2021/17_20210528174230_819791.png)
* **在同一个账号底下，仅能投放一个appid的广告**
* 
* **在ROI账号下，仅能投放ROI优化的广告**

###  2. 出价建议

* ROI目标是三位小数，如**0.015代表1.5%**
* 建议初始ROI系数设置太高不利于拿量，先低ROI累计数据，再逐步调高至目标值
* 建议**适当提升激活出价（20%~30%）**，提升对高质量用户的竞争能力

### 3. 定向建议

* 投放初期建议通过不同定向包进行测试，探索最佳的转化人群
* 当广告ROI效果较好，建议**开启自动扩量+种子人群**进行投放，帮助提升拿量

### 4. 预算建议

* 建议初期设置少量预算，可设置为**至少20个激活转化成本**
* 待投放效果稳定后，再扩大预算

### 5. 素材建议

* 建议选取日常测试的优质广告素材进行测试
* 必须保持素材多样化，**同一素材在同版位&高重合定向中只可在线一条广告**，提升素材丰富度，帮助广告提升竞争力

### 6. 效果优化

* 如希望获取更多用户，可适当调低ROI目标值
* 如希望扩大消耗规模，建议持续用不同的素材&定向新建广告
*  **优先关注uid整体的ROI效果**，基于账户效果波动进行反馈
* 由于付费回流有延迟，系统是按照天进行优化，**建议客户以天为维度观察效果**


## 三、Badcase排查

对于满足以下条件的广告，可以反馈 bad case 给腾讯侧进行排查：
1. 空耗：投放周期超过 2 天，累计消耗达到 2000 ，但没有产生任何付费的广告
2. 爆量：ROI不达标的广告，瞬时跑出大量曝光&消耗
3. 拿量困难：ROI达标的广告，但曝光困难
4. ROI下滑：前几天ROI达标的广告，近期ROI逐渐下滑（观察2天）


## 四、报表查看

1. 选择【转化回传-次留、APP付费等深度行为按用户激活的时间展示】
![kl_N52dgJhel69EwfW9BIA.png](https://bbx-pic.gtimg.com/bbx/pictures/2021/17_20210528174309_974818.png)
3. 自定义列搜索选择【激活首日ROI】指标
![M2lVoKePGEyGh9GscwYypg.png](https://bbx-pic.gtimg.com/bbx/pictures/2021/17_20210528174336_414406.png)


## 五、成本保障政策

游戏付费ROI暂不支持赔付，其他场景成本保障方案可参考[赔付政策](https://e.qq.com/ads/helpcenter/detail?cid=516&pid=2004)。",https://e.qq.com/ads/helpcenter/detail?cid=516&pid=4927,2021-11-05 12:03:34
0,优量汇流量筛选工具介绍,"# 功能介绍

## **流量筛选工具简介**

流量筛选工具主要用于优量广告的效果优化。对达到一定消耗的广告主，提供广告位维度的转化效果明细数据，依据效果数据对优量广告的流量进行屏蔽和定投，从而提升其广告在优量广告的投放效果。

**开通条件：**

![图1.png](https://bbx-pic.gtimg.com/bbx/pictures/2021/132_20210301174942_055191.png)

## **拓展功能**

### **功能一 账户互通**

引入商务管家（BM）中的商务账号ID和投放管理平台账户ID对应关系，当商务账号ID下有任意1个投放管理平台账户ID达到了流量筛选工具使用门槛之后，旗下绑定的其他投放管理平台账户也可以使用流量筛选工具，生成屏蔽和定投流量包投放使用，且各账户内查看到的广告位ID均一致。

**账户互通开通条件：**

1.直客用户

2.客户账户有商务管家权限、商务账号ID和投放管理平台账户ID的关联权限。

3.商务账号ID中有至少一个投放管理平台账户ID达到流量筛选工具准入门槛。

满足以上3点即可联系运营人员申请开通账户互通功能。

**注意事项：**

![图2.png](https://bbx-pic.gtimg.com/bbx/pictures/2021/132_20210301175015_556444.png)
### **功能二 流量包授权**

通过商务管家（BM），将认领的广告主账号的流量包授权到其他广告主账号，同一流量包无需各个账户逐一上传。

![图3.png](https://bbx-pic.gtimg.com/bbx/pictures/2021/132_20210301175021_357344.png)
**账户授权范围：**

- 指定BM账户下的所有广告主ID
- 指定公司主体下的所有广告主ID
- 指定广告主ID

**被授权账户下流量包能力：**

- 绑定广告进行定投/屏蔽
- 在被授权账户下删除流量包，不影响授权账户的流量包使用

**授权账户下流量包能力：**

- 绑定广告进行定投/屏蔽
- 若要删除已授权出去的流量包，需先取消授权


# 使用指引
## **流量筛选工具使用方法**

### **步骤一 工具入口**

在投放端选择工具 – 投放管理 – 优量汇流量筛选

![图4.png](https://bbx-pic.gtimg.com/bbx/pictures/2021/132_20210301175025_185517.png)
### **步骤二 数据分析**

①选择需要进行流量筛选的应用，以及用于分析的效果数据起止时间

![图5.png](https://bbx-pic.gtimg.com/bbx/pictures/2021/132_20210301175028_528872.png)
②在“自定义列”中，勾选作为流量筛选依据的效果数据字段，然后点击“确定”
![图6.png](https://bbx-pic.gtimg.com/bbx/pictures/2021/132_20210301175032_975858.png)

### **步骤三 生成流量包**

「方法一」投放端选取法

**流量包中包含广告位较少时建议使用该方法**

①直接在投放端勾选需要定投或屏蔽的广告位

②勾选完毕后，点击“生成定投流量包” 或 “生成屏蔽流量包” 按钮

③填写流量包名称并保存

![图7.png](https://bbx-pic.gtimg.com/bbx/pictures/2021/132_20210301175035_604208.png)


「方法二」批量上传法

**复杂分析、批量操作或流量包中广告位数量较多时，建议使用该方法**

①在流量筛选工具中点击“下载报表”，下载明细数据

②将所需定投或屏蔽的广告位ID，保存为与模板格式一致的txt文件

③-④点击“上传流量包”按钮，上传上一步中保存的流量包文件，选择流量包类型，填写流量包名称，提交生成流量包

![图8.png](https://bbx-pic.gtimg.com/bbx/pictures/2021/132_20210301175038_568504.png)
### **步骤四 流量包应用到广告**

「方法一」单广告绑定

①创建/编辑广告选择优量汇版位

![图9.png](https://bbx-pic.gtimg.com/bbx/pictures/2021/132_20210301175044_222073.png)
②展开优量汇流量包定投/屏蔽，勾选流量包
![图10.png](https://bbx-pic.gtimg.com/bbx/pictures/2021/132_20210301175047_811470.png)

「方法二」批量广告绑定

①在投放端广告列表页点击批量操作

②勾选需要绑定流量包的广告，在【更多】中点击修改流量包

![图11.png](https://bbx-pic.gtimg.com/bbx/pictures/2021/132_20210301175051_694310.png)
③选择流量包定投/屏蔽，并在操作页面勾选需要绑定或解绑的流量包
![图12.png](https://bbx-pic.gtimg.com/bbx/pictures/2021/132_20210301175053_982707.png)



# 常见问题

**Q:为什么要设置消耗门槛？**

A:进行有效的流量筛选决策需要一定量级的数据积累，为了避免广告主在缺乏足够数据积累时进行筛选造成的潜在损失，我们设定了工具使用的最低门槛。

**Q:我的账户消耗未达标，可以申请白名单开通使用权限吗？**

A:该功能使用权限为系统根据消耗情况自动判断，无法通过白名单开通。

**Q:商务管家关联了多个账户，有一个账户满足流量筛选工具的使用门槛了，其他账户也可以使用吗？**

A:您可以联系运营人员，申请开通同一商务账号ID内多个投放管理平台账户互通功能。

**Q:为什么流量包需要定期更新？**

随着投放时间推移，广告可能会展现在新的广告位上，同一广告位效果也有可能发生变化。为保证投放效果，建议定期对投放数据进行分析，并对流量包进行更新。",https://e.qq.com/ads/helpcenter/detail?cid=1512&pid=4435,2021-11-04 11:41:16
0,基础介绍,"# 功能介绍
腾讯广告投放管理平台（AD.QQ.COM），是为广告主提供的一站式广告投放系统，可触达腾讯生态包括微信朋友圈、微信公众号与小程序、QQ、腾讯信息流、腾讯音乐、腾讯新闻与腾讯视频、优量汇等全域流量，同时，通过广告管理、报表、资产等多种能力，帮助广告主实现营销推广的目标。


帮助中心从广告投放的全链路整理了涉及到的产品能力进行系统化介绍，希望可以帮忙广告主更清晰的了解系统的使用。主要分为以下3个部分，各部分涉及的场景如下：

* 开通账户：如何开通系统账户以及分配角色。
* 广告上新：创建一条广告的标准化流程，以及如何通过工具生产和管理投放所需的物料
* 广告优化：广告投放后可通过哪些能力分析广告效果以及进行优化操作
![未命名文件 (2).png](https://bbx-pic.gtimg.com/bbx/pictures/2021/78_20210228181956_648472.png)",https://e.qq.com/ads/helpcenter/detail?cid=1498&pid=4436,2021-11-04 11:41:07
0,推广我的门店,"<img src='https://bbx-pic.gtimg.com/bbx/pictures/2021/17_20210415160033_025565.png' style='width:280px;margin:auto'></img>

## 产品特点

* 门店标识位于广告外层文案下方，点击可跳转查看门店详情页

* 门店详情页可以拉起地图导航、一键拨号等功能


## 适用场景

公众号底部广告门店推广可以详细介绍门店信息，并可以拉起地图导航、一键拨号等功能，进一步向感兴趣的用户介绍门店并引导到店，更好的满足教育、房产、婚纱摄影等行业广告主在公众号场景下的投放诉求。


## 适用样式及规范

### 视频式卡片

* 视频尺寸：960 × 540像素

* 视频大小：文件大小不超过3.4MB

* 视频长度：6-30秒

![2.png](https://bbx-pic.gtimg.com/bbx/pictures/2021/17_20210415160253_748666.png)


### 大图式卡片

* 素材尺寸：960 × 540像素

* 大小不超过80K，支持bmp, png, jpeg, jpg格式

（图示带信息栏的样式仍在灰度中，投放时请以预览效果为准）

![3.png](https://bbx-pic.gtimg.com/bbx/pictures/2021/17_20210415160349_323225.png)


### 图文式卡片

* 素材尺寸：960*334像素

* 大小不超过80K，支持bmp, png, jpeg, jpg格式

![4.png](https://bbx-pic.gtimg.com/bbx/pictures/2021/17_20210415160434_687182.png)


## 适用推广页类型

原生推广页、小程序（非游戏）、自定义链接",https://e.qq.com/ads/helpcenter/detail?cid=1567&pid=4696,2021-04-22 18:45:48
0,收集销售线索,"<img src='https://bbx-pic.gtimg.com/bbx/pictures/2021/17_20210415160839_306193.png' style='width:280px;margin:auto'></img>

## 产品特点

* 支持不同售卖方式，多种广告外层

* 自定义链接，广告主按需定制商机联系表单

* 广告主获取潜在客户更为轻松、更高成本效益


## 适用场景

公众号底部广告收集销售线索推广类目能力聚焦帮助广告主高效收集销售线索，开发潜在客户，以更可控的成本获取更高的效益。特别适合如教育、婚纱、汽车4S等行业。


## 适用样式及规范

### 视频式卡片

* 视频尺寸：960 × 540像素

* 视频大小：文件大小不超过3.4MB

* 视频长度：6-30秒

![2.png](https://bbx-pic.gtimg.com/bbx/pictures/2021/17_20210415162256_797859.png)


### 大图式卡片

* 素材尺寸：960 × 540像素

* 大小不超过80K，支持bmp, png, jpeg, jpg格式

（图示带信息栏的样式仍在灰度中，投放时请以预览效果为准）

![3.png](https://bbx-pic.gtimg.com/bbx/pictures/2021/17_20210415162337_665685.png)


### 图文式卡片

* 素材尺寸：960*334像素 大小不超过100K，支持bmp, png, jpeg, jpg格式

![4.png](https://bbx-pic.gtimg.com/bbx/pictures/2021/17_20210415162504_025526.png)


### 图片式banner

* 素材尺寸：960 × 334 像素

* 大小不超过100K，支持bmp, png, jpeg, jpg格式

![5.png](https://bbx-pic.gtimg.com/bbx/pictures/2021/17_20210415162552_060575.png)


### 图文式banner

* 素材尺寸：114 × 114 像素

* 大小不超过30K，支持bmp, png, jpeg, jpg格式

* 外层文案：标题不超过14个字，描述不超过28个字

![6.png](https://bbx-pic.gtimg.com/bbx/pictures/2021/17_20210415162643_874570.png)


## 适用推广页类型

H5页面 原生推广页（表单组件） 微信小程序",https://e.qq.com/ads/helpcenter/detail?cid=1567&pid=4697,2021-04-22 18:45:32
0,推广我的商品,"<img src='https://bbx-pic.gtimg.com/bbx/pictures/2021/17_20210415162941_893416.png' style='width:280px;margin:auto'></img>

## 产品特点

* 支持灵活优化广告效果，提高广告性价比

* 点击广告后直接调起商品购买页、促销活动页、商城等成交转化页面，转化链路短


## 适用场景

广告主可以通过公众号广告来推广商品，小商户和大商城都可以在这里找到适合自己的广告投放方案

操作流程图示

![2.png](https://bbx-pic.gtimg.com/bbx/pictures/2021/17_20210415163022_840832.png)
*点击图片可放大查看*

## 适用样式及规范

### 视频式卡片

* 视频尺寸：960 × 540像素

* 视频大小：文件大小不超过3.4MB

* 视频长度：6-30秒

![3.png](https://bbx-pic.gtimg.com/bbx/pictures/2021/17_20210415163115_280035.png)


### 大图式卡片

* 素材尺寸：960 × 540像素

* 大小不超过80K，支持bmp, png, jpeg, jpg格式

（图示带信息栏的样式仍在灰度中，投放时请以预览效果为准）

![4.png](https://bbx-pic.gtimg.com/bbx/pictures/2021/17_20210415163204_790965.png)


### 图片式banner

* 素材尺寸：960×334像素

* 大小不能超过100K，支持bmp, png, jpeg, jpg格式

![5.jpg](https://bbx-pic.gtimg.com/bbx/pictures/2021/17_20210415163253_153690.jpg)


### 标签式banner

* 素材尺寸：640×360像素

* 大小不能超过100K，支持bmp, png, jpeg, jpg格式

![6.jpg](https://bbx-pic.gtimg.com/bbx/pictures/2021/17_20210415163338_271632.jpg)


### 商品式banner

* 素材尺寸：198 × 198 像素

![7.png](https://bbx-pic.gtimg.com/bbx/pictures/2021/17_20210415163428_590026.png)


## 适用推广页类型

自定义链接 小程序（非游戏类目） 原生推广页 商品购买页",https://e.qq.com/ads/helpcenter/detail?cid=1567&pid=4699,2021-04-22 18:45:10
0,推广我的应用,"<img src='https://bbx-pic.gtimg.com/bbx/pictures/2021/17_20210415163741_426771.png' style='width:280px;margin:auto'></img>

## 产品特点

* “下载”行动按钮清晰，引导用户进行应用下载 ，完成广告转化

* 支持灵活配置应用直达唤起能力，帮助广告主实现应用唤起，访问指定内容，提升应用内转化


## 适用场景

公众号广告可以便捷推广iOS及安卓移动应用，支持应用一键下载，应用直达能力帮助广告主轻松实现应用内转化。

操作流程图示

![2.png](https://bbx-pic.gtimg.com/bbx/pictures/2021/17_20210415163838_824003.png)

*点击图片可放大查看*


## 适用样式及规范

### 视频式卡片

* 视频尺寸：960 × 540像素

* 视频大小：文件大小不超过3.4MB

* 视频长度：6-30秒

![3.png](https://bbx-pic.gtimg.com/bbx/pictures/2021/17_20210415163933_783958.png)


### 大图式卡片

* 素材尺寸：960 × 540像素

* 大小不超过80K，支持bmp, png, jpeg, jpg格式

（图示带信息栏的样式仍在灰度中，投放时请以预览效果为准）

![4.png](https://bbx-pic.gtimg.com/bbx/pictures/2021/17_20210415164009_814391.png)


### 图片式banner

* 素材尺寸：960 × 334 像素

* 大小不超过100K，支持bmp, png, jpeg, jpg格式

![5.jpg](https://bbx-pic.gtimg.com/bbx/pictures/2021/17_20210415164218_088357.jpg)


### 图片名片式banner

* 素材尺寸：465 × 230像素

* 大小不超过30K，支持bmp, png, jpeg, jpg格式

![6.png](https://bbx-pic.gtimg.com/bbx/pictures/2021/17_20210415164308_389877.png)


### 文案式banner

外层文案：不超过12个字

![7.png](https://bbx-pic.gtimg.com/bbx/pictures/2021/17_20210415164345_507160.png)


## 适用推广页类型

原生推广页",https://e.qq.com/ads/helpcenter/detail?cid=1567&pid=4700,2021-04-22 18:44:41
0,派发优惠券,"<img src='https://bbx-pic.gtimg.com/bbx/pictures/2021/17_20210415164647_625061.png' style='width:280px;margin:auto'></img>

## 产品特点

* 联动卡券能力，在线派发优惠券，助力广告主快速推广优惠活动

* 点击广告一键领券，最短链路助力最大程度实现用户转化

## 适用场景

广告主可以利用线下活动+线上微信卡券推广结合推广的形式，利用卡券推广扩大活动触达用户，引导用户线下到店进行核销，扩大线下活动影响力，同时可以利用卡券核销数据进一步进行用户数据分析。

操作流程图示

![2.png](https://bbx-pic.gtimg.com/bbx/pictures/2021/17_20210415164721_763733.png)

*点击图片可放大查看*


## 适用样式及规范

### 卡券式banner

![3.png](https://bbx-pic.gtimg.com/bbx/pictures/2021/17_20210415164748_818987.png)

## 适用推广页类型

卡券领取页",https://e.qq.com/ads/helpcenter/detail?cid=1567&pid=4701,2021-04-22 18:44:25
0,推广我的公众号,"<img src='https://bbx-pic.gtimg.com/bbx/pictures/2021/17_20210415165111_092613.png' style='width:280px;margin:auto'></img>

## 产品特点

* 广告展示在公众号阅读场景内，充分吸引公众号文章阅读高频用户

* 一键关注高效转化，助力公众号快速扩充账号规模、构建粉丝生态

## 适用场景

无论是大的KOL还是小而美的垂直类公众号都可以选择公众号底部广告进行推广，在公众号阅读场景下，使用可控的广告成本推广自己的公众号。

操作流程图示
![142.png](https://bbx-pic.gtimg.com/bbx/pictures/2021/17_20210415165142_990553.png)
*点击图片可放大查看*


## 适用样式及规范

### 视频式卡片

* 视频尺寸：960 × 540像素

* 视频大小：文件大小不超过3.4MB

* 视频长度：6-30秒

![2.png](https://bbx-pic.gtimg.com/bbx/pictures/2021/17_20210415165300_410595.png)

### 大图式卡片

* 素材尺寸：960 × 540像素

* 大小不超过80K，支持bmp, png, jpeg, jpg格式

（图示带信息栏的样式仍在灰度中，投放时请以预览效果为准）

![3.png](https://bbx-pic.gtimg.com/bbx/pictures/2021/17_20210415165344_422948.png)

### 图片式卡片

* 素材尺寸：960×334像素

* 大小不超过100KB，支持bmp, png, jpeg, jpg格式

![4.png](https://bbx-pic.gtimg.com/bbx/pictures/2021/17_20210415165420_550389.png)

## 图片名片式banner

* 素材尺寸：465 × 230 像素

* 大小不超过30KB，支持png, jpeg, jpg格式

![5.png](https://bbx-pic.gtimg.com/bbx/pictures/2021/17_20210415165505_994747.png)

## 名片式banner

外层文案：不超过18个字

![6.png](https://bbx-pic.gtimg.com/bbx/pictures/2021/17_20210415165539_311705.png)

## 适用推广页类型

公众号详情页",https://e.qq.com/ads/helpcenter/detail?cid=1567&pid=4702,2021-04-22 18:43:30
0,推广我的小游戏,"<img src='https://bbx-pic.gtimg.com/bbx/pictures/2021/17_20210415165925_684643.png' style='width:280px;margin:auto'></img>

## 产品特点

* 支持不同售卖方式，兼顾微信小游戏开发者需求

* 支持微信小游戏直跳通过原生推广页跳转小游戏。

## 适用场景

公众号底部广告品牌活动推广可以帮助广告主实现海量品牌曝光，传递品牌调性，强化品牌形象；并赋能多种推广页以满足不同广告跳转效果，辅助以小程序礼品卡等生态内产品，配合精准定向，实现品效合一。

## 适用样式及规范

### 视频式卡片

* 视频尺寸：960× 540像素

* 视频大小：文件大小不超过3.4MB

* 视频长度：6-30秒

![2.png](https://bbx-pic.gtimg.com/bbx/pictures/2021/17_20210415170033_087578.png)

### 大图式卡片

* 素材尺寸：960 × 540像素

* 大小不超过80K，支持bmp, png, jpeg, jpg格式

（图示带信息栏的样式仍在灰度中，投放时请以预览效果为准）

![3.png](https://bbx-pic.gtimg.com/bbx/pictures/2021/17_20210415170121_325556.png)

### 聚合格子

暂不需额外上传素材

![4.png](https://bbx-pic.gtimg.com/bbx/pictures/2021/17_20210415170156_372479.png)

### 图文式banner

* 素材尺寸：114 × 114 像素

* 大小不超过30K，支持bmp, png, jpeg, jpg格式

* 外层文案：标题不超过14个字，描述不超过28个字

![5.jpg](https://bbx-pic.gtimg.com/bbx/pictures/2021/17_20210415170249_042599.jpg)

### 图片式banner

* 素材尺寸：960 × 334 像素

* 大小不超过100K，支持bmp, png, jpeg, jpg格式

![5.png](https://bbx-pic.gtimg.com/bbx/pictures/2021/17_20210415170334_254898.png)

## 适用推广页类型

原生推广页 微信小游戏",https://e.qq.com/ads/helpcenter/detail?cid=1567&pid=4703,2021-11-05 12:03:02
0,门店管理,"# 功能介绍
## 什么是门店管理？
在ADQ投放管理平台，推广本地门店，吸引周边用户到店消费或参加活动。目前平台支持通过“微信门店”推广腾讯地图上的门店，投放到微信朋友圈广告版位；通过“QQ门店”推广自定义打点的门店，投放到腾讯看点 / QQ、腾讯音乐及游戏 / 腾讯新闻广告版位。
为了提供更高效的本地门店管理，在ADQ投放管理平台中支持批量录入功能：
![1.png](https://bbx-pic.gtimg.com/bbx/pictures/2021/228_20210301165022_048989.png)

## 微信门店
在微信门店管理中，可以看到广告帐号下中所有已录入的门店：
![2.png](https://bbx-pic.gtimg.com/bbx/pictures/2021/228_20210301170750_322651.png)
并且支持单个门店的“直接录入”，与多个门店的“批量录入”：
![3.png](https://bbx-pic.gtimg.com/bbx/pictures/2021/228_20210301170800_806536.png)
![4.png](https://bbx-pic.gtimg.com/bbx/pictures/2021/228_20210301170824_530990.png)

若你无法搜索到你的门店，可到腾讯地图先进行门店标注。在完成录入并完成广告投放后，用户看到你推广的广告时，定位地点默认显示离用户最近的门店。

## QQ门店
在QQ门店管理中，可以看到广告账户中所有已创建的门店：
![5.png](https://bbx-pic.gtimg.com/bbx/pictures/2021/228_20210301171630_876690.png)
且支持创建单个门店，创建时可搜索地址上已有地点做导入，也可通过地图打点标注新门店：
![6.png](https://bbx-pic.gtimg.com/bbx/pictures/2021/228_20210301171735_464746.png)
支持通过上传csv文件的方式，批量创建门店，请确保上传文件与模版格式一致且数据正确：
![7.png](https://bbx-pic.gtimg.com/bbx/pictures/2021/228_20210301171822_898540.png)",https://e.qq.com/ads/helpcenter/detail?cid=1511&pid=4442,2021-11-04 11:41:16
0,落地页,"# 功能介绍
## 落地页功能介绍
### 投放管理平台提供了丰富的落地页制作工具，广告主可以根据不同场景、投放标的物来查看使用落地页介绍。
### 
* 更简单的广告落地页，腾讯广告官方打造完全免费；
* 更快的广告落地页，保障性能更稳定，速度更快；
* 更自由的广告落地页，模板更新可自定义模板页面；
* 更灵活的广告落地页，全面支持组件拖拽能力操作更灵活；
<p>
<table width=""-168"">
    <tbody>
        <tr class=""firstRow"">
            <td width=""147"" valign=""top"" style=""background-color: rgb(219, 229, 241); word-break: break-all;"">
                &nbsp; &nbsp; &nbsp; &nbsp; &nbsp; &nbsp; &nbsp; &nbsp;
				落地页工具
            </td>
            <td valign=""top"" colspan=""1"" rowspan=""1"" width=""147"" style=""background-color:#DBE5F1;"">
                &nbsp; &nbsp; &nbsp; &nbsp; &nbsp; &nbsp; &nbsp; &nbsp;
				适用于客户
            </td>
            <td width=""147"" valign=""top"" style=""background-color:#DBE5F1;"">
                &nbsp; &nbsp; &nbsp; &nbsp; &nbsp; &nbsp; &nbsp; &nbsp;
				落地页特点
            </td>
            <td width=""147"" valign=""top"" style=""background-color:#DBE5F1;"">
                &nbsp; &nbsp; &nbsp; &nbsp; &nbsp; &nbsp; &nbsp; &nbsp;
				落地页详细介绍
            </td>
        </tr>
        <tr>
            <td width=""147"" valign=""top"" style=""word-break: break-all;"">
                微信小程序
            </td>
            <td valign=""top"" colspan=""1"" rowspan=""1"" width=""147"" style=""word-break: break-all;"">
                适用于全行业
            </td>
            <td width=""147"" valign=""top"" style=""word-break: break-all;"">
                微信小程序小程序是一种新的开放能力，开发者可以快速地开发一个小程序。小程序可以在微信内被便捷地获取和传播，同时具有出色的使用体验。
            </td>
            <td width=""147"" valign=""top"">
                <a href=""https://e.qq.com/ads/helpcenter/detail?cid=1690&pid=5554"" target=""_blank"">查看使用流程&gt;&gt;</a><br/>
            </td>
        </tr>
        <tr>
					 <tr>
            <td width=""147"" valign=""top"" style=""word-break: break-all;"">
                蹊径落地页
            </td>
            <td valign=""top"" colspan=""1"" rowspan=""1"" width=""147"" style=""word-break: break-all;"">
                投放应用推广及网页线索收集
            </td>
            <td width=""147"" valign=""top"" style=""word-break: break-all;"">
                蹊径落地页制作工具是一个免费的落地页建站工具，以提升广告转化率为目标，满足各行业广告主对APP落地页及网站落地页的需求。
            </td>
            <td width=""147"" valign=""top"">
                <a href=""https://e.qq.com/ads/helpcenter/detail?cid=1690&pid=2027"" target=""_blank"">查看使用流程&gt;&gt;</a><br/>
            </td>
        </tr>
        <tr>
            <td valign=""top"" colspan=""1"" rowspan=""1"" width=""147"" style=""word-break: break-all;"">
                枫页落地页
            </td>
            <td valign=""top"" colspan=""1"" rowspan=""1"" width=""147"" style=""word-break: break-all;"">
                直营电商广告主
            </td>
            <td valign=""top"" colspan=""1"" rowspan=""1"" width=""147"" style=""word-break: break-all;"">
                枫页落地页是腾讯广告服务于直营电商广告主的<em>落地页制作工具</em>和<em>订单管理系统</em>
            </td>
            <td valign=""top"" colspan=""1"" rowspan=""1"" width=""147"">
                <a href=""https://e.qq.com/ads/helpcenter/detail?cid=1690&pid=2026"" target=""_blank"">查看使用流程&gt;&gt;</a>
            </td>
        </tr>
        <tr>
            <td width=""147"" valign=""top"" style=""word-break: break-all;"">
                简版原生页
            </td>
            <td valign=""top"" colspan=""1"" rowspan=""1"" width=""147"" style=""word-break: break-all;"">
                投放微信广告，系统自动拼接
            </td>
            <td width=""147"" valign=""top"" style=""word-break: break-all;"">
                简版原生页无需单独制作，是一种根据外层素材自动拼接的推广页。
自定义页面则是将外层素材与相对应的页面拼接为简版原生页。
            </td>
            <td width=""147"" valign=""top"">
                <a href=""https://e.qq.com/ads/helpcenter/detail?cid=1690&pid=2618"" target=""_blank"">查看使用流程&gt;&gt;</a>
            </td>
        </tr>
        <tr>
            <td valign=""top"" colspan=""1"" rowspan=""1"" width=""147"" style=""word-break: break-all;"">
                阅宝
            </td>
            <td valign=""top"" colspan=""1"" rowspan=""1"" width=""147"" style=""word-break: break-all;"">
                投放腾讯新闻、视频、QQ、看点流量版位
            </td>
            <td valign=""top"" colspan=""1"" rowspan=""1"" width=""147"" style=""word-break: break-all;"">
                主要面向自媒体行业，旨在满足小说推广时的建站需求，以提高广告主投放效率和优化广告投放效果。当前已支持热门小说推荐、模板化创建落地页、多维度数据洞察等功能
            </td>
            <td valign=""top"" colspan=""1"" rowspan=""1"" width=""147"">
                <a href=""https://e.qq.com/ads/helpcenter/detail?cid=1690&pid=3204"" target=""_blank"">查看使用流程&gt;&gt;</a>
            </td>
        </tr>
        <tr>
            <td valign=""top"" colspan=""1"" rowspan=""1"" style=""word-break: break-all;"">
                自定义落地页
            </td>
            <td valign=""top"" colspan=""1"" rowspan=""1"" style=""word-break: break-all;"">
                客户自定义H5链接
            </td>
            <td valign=""top"" colspan=""1"" rowspan=""1"" style=""word-break: break-all;"">
                非应用下载推广目标支持自定义落地页，方便客户自己独立开发h5页面、进行广告投放，自定义链接投放前需要进行自定义推广链接备案
            </td>
            <td valign=""top"" colspan=""1"" rowspan=""1"" style=""word-break: break-all;"">
                <a href=""https://e.qq.com/ads/helpcenter/detail?cid=1511&pid=4450"" target=""_blank"">查看推广链接管理&gt;&gt;</a> </td>
        </tr>
		
 
</table>
<p>
    <br/>
</p>",https://e.qq.com/ads/helpcenter/detail?cid=1500&pid=4444,2021-11-04 11:41:10
0,弹幕投放指南,"# 功能介绍
## **1、弹幕广告是什么？**

为了丰富广告创意，提升广告的互动感，平台现已支持使用弹幕互动形态，由广告主在创意上设置了弹幕内容后，在创意上方滚动展示，能有效提高点击率CTR+8~30%。

​                 ![img](https://docimg10.docs.qq.com/image/dIyahsCXVVbOzNrcR6-ZNg?w=1516&h=1343)        

## **2、弹幕广告有什么优势？**

**a.新形态吸睛**：增强广告互动性，有效提高点击率

**b.投放效率高：**投放端选择弹幕配置，优选行业弹幕词库支持

**c.流量覆盖高：**覆盖横版视频、横版图片、竖版视频等核心版位


# 使用指引
## **如何投放带有弹幕的广告？**

![](https://tva1.sinaimg.cn/large/008i3skNgy1gs2or9kbg8j30s00eagre.jpg)

投放端弹幕广告支持的**流量范围**：

1）QQ：空间好友动态（横版大图、横版视频、竖版视频）、浮层视频&微视号（横版视频、竖版视频）

2）K歌：激励视频（横版视频、竖版视频）

​                 ![img](https://docimg9.docs.qq.com/image/4-DDArUBdGrWFM4k6E6cXg?w=2473&h=1502)        



选择弹幕：



​                 ![img](https://docimg10.docs.qq.com/image/QEzZIzIA4ik4CsxtWEpuWQ?w=1708&h=818)        



选中弹幕后：



​                 ![img](https://docimg1.docs.qq.com/image/ynFQfPGU7TpXjLhfDOPYag?w=1585&h=695)",https://e.qq.com/ads/helpcenter/detail?cid=1509&pid=4707,2021-11-04 11:41:15
0,我的素材,"# 功能介绍
随着广告创意形式的丰富，优化师们每天投放大量创意素材，如何统一管理和深入分析这些素材，提高对优秀素材的复用性？
     “我的素材”是创意中心的重要内容，不仅可以进行素材的集中管理和维护，还可以把素材授权给多账户使用，极大提高素材投放效率。

##  1. 素材库
广告主可以在“素材库”中，进行素材的分类集中管理和维护，可以实现：
- 统一管理：包含历史投放、上传待使用和其他制作工具制作的素材。
- 分类管理：分类管理图片、视频、品牌形象、试玩素材等多种创意类型，并给素材打标签，用于素材投放中的策略应用。
- 自动转码：上传的视频自动转码，以保证在用户侧正常播放，转码成功的视频可预览，转码失败的视频会提供失败原因。

# 使用指引
## 	2. 素材库授权
优化师管理多个账户，大量素材要上传到多个账户中，如何提升效率？
素材授权功能支持ADQ账户将视频和图片素材授权给其它账户，其它账户可将授权的素材用于广告投放。当授权账户修改已经授权的素材时，接受授权的账户中，该素材会同步更新哦！

### 2.1.功能入口
● ADQ广告账户入口
资产 - 创意素材 - 我的素材 - 素材库授权
![image.png](https://bbx-pic.gtimg.com/bbx/pictures/2021/214_20210301184200_273295.png)
● Marketing API 入口
[营销资产-资产授权-资产权限授予（asset_permissions/add）](https://developers.e.qq.com/docs/api/business_assets/asset_permissions/asset_permissions_add?version=1.3)
[营销资产-资产授权-资产权限回收（asset_permissions/delete）](https://developers.e.qq.com/docs/api/business_assets/asset_permissions/asset_permissions_delete?version=1.3)

### 2.2 投放端操作介绍
● 授权素材
**大批量相同素材要上传到多个账户投放，如何提升效率？**
广告主、优化师、设计师可以在「素材库」中选择素材和授权范围，「素材库授权」下拉菜单，点击「授权」按钮。
**指定账户**，可选择同商务管家内的指定账户或同主体下的指定账户（服务商型商务管家除外）
**同商务管家下的所有账户**，授权至该商务管家下所有账户及未来加入的新账户（服务商型商务管家除外）
**同主体下的所有账户**，授权至该主体下所有账户及未来加入的新账户
![image (1).png](https://bbx-pic.gtimg.com/bbx/pictures/2021/214_20210301184257_293142.png)
● 投放授权素材
接受素材授权的广告账户，可在“素材中心”里选择“本地上传（授权）”的素材进行投放，授权的素材ID不变。
![image (2).png](https://bbx-pic.gtimg.com/bbx/pictures/2021/214_20210301184310_367478.png)",https://e.qq.com/ads/helpcenter/detail?cid=1514&pid=4446,2021-11-04 11:41:16
0,账户角色管理,"为了提升客户账号管理的效率，同时更好使用平台提供的微信服务号消息推送、通过微信号进行在线预览等功能，腾讯广告平台的账户体系已全面升级。
&nbsp;
&nbsp;
<h4 style=""font-size: 16px;""><strong style=""font-weight: bold;"">一、功能概述</strong></h4>

✧ 商务管家/广告主的已有QQ账号角色支持绑定微信号：原先用QQ号注册成为管理员及协作者的用户，可绑定微信号，QQ跟微信号是一对一绑定的；绑定后，客户可通过QQ/微信两种方式登录（代理商暂不支持）。

✧ 微信账号/QQ账号是允许一对多的，单个QQ/微信号可作为管理员或协作者进行管理的账户上限计划为30个。

✧ EQQ不同账号类型（代理商/直客/子客/商务管家等）新增对微信账号注册/登录/操作的支持，同时支持管理员分配微信号作为协作者进行账户管理。

✧ 在线预览功能支持设置微信号进行查看：微信朋友圈/微信公众号仅支持微信号预览，QQ/QQ空间仅支持QQ号预览，其他流量支持两种方式进行预览。

<h4 style=""font-size: 16px;""><strong style=""font-weight: bold;"">二、操作流程</strong></h4>
1. 原有的QQ账户可设置绑定微信号，设置成功后，该QQ号绑定的微信号即可操作该QQ号有权管理的所有账户数据，详见下图（绑定微信号/QQ号的操作界面）
<img src=""http://qzonestyle.gtimg.cn/open_proj/gdt_gw/cms/uploads/ktzysx1.png"" alt="""" width=""750px""/>

 &nbsp;&nbsp;&nbsp;&nbsp;
1）<b>此处的绑定关系是一对一的</b>，即客户设置的QQ号与微信号是一一对应的。

 &nbsp;&nbsp;&nbsp;&nbsp;
2）<b>绑定成功后，该QQ与微信的绑定关系会在腾讯广告不同系统内均生效</b>，且两者的管理权限相同。如果解绑，则相应地也会在腾讯广告内所有系统进行该QQ与微信的解除绑定。

 &nbsp;&nbsp;&nbsp;&nbsp;
3）绑定时，<b>新绑定的登录号之前必须是未注册过或未关联过任何腾讯广告平台账户的用户</b>。如通过QQ注册的用户绑定微信号时，该微信号之前必须未注册或关联过任何广告主账户。
&nbsp;


2. 单个QQ号/微信号可注册开户或作为直客协作者管理的账户总数限制从1个放开至30个。

 &nbsp;&nbsp;&nbsp;&nbsp;
1）客户扫码登录成功后，如果在多个平台有多个账号则可直接选择要进入的系统以及操作的账号，详见下图（统一登录界面-多平台多账户选择界面）
<img src=""http://qzonestyle.gtimg.cn/open_proj/gdt_gw/cms/uploads/ktzysx2.png"" alt="""" width=""750px""/>
  &nbsp;&nbsp;&nbsp;&nbsp; 
2）同时，客户也可在操作过程中快捷切换其他账号，详见下图（投放端多账户切换入口）
&nbsp;
<img src=""http://qzonestyle.gtimg.cn/open_proj/gdt_gw/cms/uploads/ktzysx3.png"" alt="""" width=""750px""/>

<img src=""http://qzonestyle.gtimg.cn/open_proj/gdt_gw/cms/uploads/ktzysx4.png"" alt="""" width=""750px""/>

3. 腾讯广告平台的不同账号类型（代理商/直客/子客/商务管家账号等）可通过微信号进行注册/登录/操作，同时也支持管理员分配微信号作为协作者进行账户管理

 &nbsp;&nbsp;&nbsp;&nbsp;
1）官网注册入口-基本信息填写
<img src=""http://qzonestyle.gtimg.cn/open_proj/gdt_gw/cms/uploads/ktzysx5.png"" alt="""" width=""750px""/>

 &nbsp;&nbsp;&nbsp;&nbsp;
2）官网注册入口-绑定QQ或微信号
<img src=""http://qzonestyle.gtimg.cn/open_proj/gdt_gw/cms/uploads/ktzysx6.png"" alt="""" width=""750px""/>

 &nbsp;&nbsp;&nbsp;&nbsp;
3）官网注册入口-注册成功提示
<img src=""http://qzonestyle.gtimg.cn/open_proj/gdt_gw/cms/uploads/ktzysx7.png"" alt="""" width=""750px""/>

 &nbsp;&nbsp;&nbsp;&nbsp;
4）协作者管理列表
<img src=""http://qzonestyle.gtimg.cn/open_proj/gdt_gw/cms/uploads/ktzysx8.png"" alt="""" width=""750px""/>

 &nbsp;&nbsp;&nbsp;&nbsp;
5）协作者个人信息设置界面
<img src=""http://qzonestyle.gtimg.cn/open_proj/gdt_gw/cms/uploads/ktzysx9.png"" alt="""" width=""750px""/>


4. 广告的在线预览支持所有流量，单个广告最多可设置10个预览账号。因客户端登陆限制原因，微信公众号及朋友圈仅支持微信号预览，QQ及QQ空间等仅支持QQ号进行预览，其他流量两种账户类型均可支持。

5. 开户QQ号是否可以修改？

可以修改，如果您是由代理商服务的广告主，请联系代理商进行修改；
如果您是自行注册的广告主或代理商，请填写修改<a href=""http://qzonestyle.gtimg.cn/open_proj/gdt_gw/cms/uploads/申请表20190612.docx"" target=""_blank"" rel=""noopener noreferrer"">申请表</a>并盖章，将申请表发送至ads_service@tencent.com进行修改，  17点前发送的邮件在当天即可得到修改。",https://e.qq.com/ads/helpcenter/detail?cid=1499&pid=4447,2021-08-13 09:14:09
0,模板制图,"## 功能概述
提供行业定制化模板，满足不同行业个性化广告图片诉求。

## 功能入口
创意中心官网——创意工具箱——模板制图
![image.png](https://bbx-pic.gtimg.com/bbx/pictures/2021/231_20210301193958_459632.png)

## 操作步骤
* 选择合适的模板；
* 在相应图层上传替换元素/文案，可在同一图层上传多个元素/文案；
* 处理完当前尺寸的元素后，可再选择其他多个尺寸；
* 点击生成拓展，批量成图。
![image (1).png](https://bbx-pic.gtimg.com/bbx/pictures/2021/231_20210301194008_146498.png)
![image (2).png](https://bbx-pic.gtimg.com/bbx/pictures/2021/231_20210301194016_629868.png)",https://e.qq.com/ads/helpcenter/detail?cid=1505&pid=4448,2021-08-12 10:19:59
0,智能制图,"# 功能介绍
## 功能概述
根据商品图片算法驱动智能生成批量图片


# 使用指引
## 功能入口
创意中心官网——创意工具箱——智能制图
![image (3).png](https://bbx-pic.gtimg.com/bbx/pictures/2021/231_20210301194022_813264.png)

## 操作步骤
* 一次性上传多个商品图和背景图，填写文案；
* 选择尺寸等要素，系统一键生成数十张创意图片；
* 在制作过程中，智能制图工具提供大量免费图片，文案助手等工具支持。
![image (4).png](https://bbx-pic.gtimg.com/bbx/pictures/2021/231_20210301194028_503104.png)",https://e.qq.com/ads/helpcenter/detail?cid=1505&pid=4449,2021-11-04 11:41:13
0,推广链接管理,"# 功能介绍
## 自定义落地页链接管理

### 什么是自定义落地页
除应用推广外其他推广目标下支持自定义落地页，方便客户独立开发H5页面、进行广告投放，自定义链接投放前需要进行自定义推广链接备案


# 使用指引
### 自定义落地页使用流程
落地页模块使用自定义链接,输入 H5地址”https://“ 或 ”http://“ 开头格式
![1.png](https://bbx-pic.gtimg.com/bbx/pictures/2021/77_20210301202725_932742.png)

当自定义地址未完成备案时：
![77777企业微信截图_0e3ed2e1-c498-4d8c-9ab5-b63973c658d2.png](https://bbx-pic.gtimg.com/bbx/pictures/2021/77_20210301203555_721621.png)

### 自定义落地页备案流程
在此处提交待使用的推广链接及对应的ICP备案截图，如审核通过，则可在创建广告时使用此链接。我们会将推广链接的审核结果以邮件和短信形式及时发送至您开户填写的邮箱和电话号码，请关注信息。
1、添加推广链接

![企业微信20211221-174113.png](https://bbx-pic.gtimg.com/bbx/pictures/2021/77_20211221174412_480249.png)
![2.png](https://bbx-pic.gtimg.com/bbx/pictures/2021/77_20210301202856_516910.png)

2、填写推广链接、ICP备案电子版
![3.png](https://bbx-pic.gtimg.com/bbx/pictures/2021/77_20210301203020_180488.png)",https://e.qq.com/ads/helpcenter/detail?cid=1511&pid=4450,2021-12-21 17:45:46
0,快速制图,"# 功能介绍
## 功能概述
提供海量免费版权图片和模板，快速生成广告图片素材。


# 使用指引
## 功能入口
创意中心官网——创意工具箱——快速制图
![image (5).png](https://bbx-pic.gtimg.com/bbx/pictures/2021/231_20210301194851_699133.png)

## 操作步骤
* 通过搜索商品关键词，选择图片尺寸；
* 查看海量免费图片模板，点击选择好的图片；
* 进入图片模板修改制作图片。
![image (6).png](https://bbx-pic.gtimg.com/bbx/pictures/2021/231_20210301194905_523790.png)
![image (7).png](https://bbx-pic.gtimg.com/bbx/pictures/2021/231_20210301194913_979242.png)",https://e.qq.com/ads/helpcenter/detail?cid=1505&pid=4451,2021-11-04 11:41:13
0,智能抠图,"# 功能介绍
## 功能概述
集抠图，裁剪和微调于一体的便捷智能抠图工具


# 使用指引
## 功能入口
创意中心官网——创意工具箱——快速制图
![企业微信截图_bf2b9500-f8a6-4b88-b200-1778c899b40e.png](https://bbx-pic.gtimg.com/bbx/pictures/2021/231_20210301201626_722574.png)

## 操作步骤
* 点击“智能抠图”，从“我的原始素材”中，选择“商品图”、“场景图”、“logo” 、”人物“；
* 系统自动智能抠图，还可以调整抠图的细节和背景。

![image (8).png](https://bbx-pic.gtimg.com/bbx/pictures/2021/231_20210301194919_961650.png)",https://e.qq.com/ads/helpcenter/detail?cid=1505&pid=4452,2021-11-04 11:41:13
0,模板视频,"# 功能介绍
## 功能概述
想简单制作视频，又怕太平庸不起量？
平台提供广告大盘中效果较好的视频，拆解成模板，广告主可以按行业筛选模板后，可直接替换模板内元素：图片、视频、文案、音乐等，就可以快速批量生成爆款视频，同步到素材库里，用于广告投放。

## 功能入口
创意中心官网——工具箱——模板视频
![image (9).png](https://bbx-pic.gtimg.com/bbx/pictures/2021/231_20210301202449_503971.png)


## 使用场景
### 降低视频制作门槛
实现从零到一的制作视频，简单的利用现有的图片、视频片段套用模板生成视频，更有情景剧，主播模板，增强吸引力。

### 提高视频制作效率
简单替换模板中元素，即可生成视频，快速高效，后续提供批量套用模板生成视频。

### 提升投放效果
平台提供广告大盘中效果较好的视频，拆解成模板，可直接替换元素生成爆款视频。
贴近热点时事，快速上新款模板，便于视频素材快速更新迭代，迎合用户关注点从而提升广告效果。


# 使用指引
## 操作步骤
* 选择模板：筛选“尺寸”、行业，选择模板，新上线的模板会打上NEW的标志。
![image (10).png](https://bbx-pic.gtimg.com/bbx/pictures/2021/231_20210301202453_360958.png)

* 替换内容：选择指定模板后替换模板内元素，替换内容页面按视频的时间线展示元素顺排各种替换的元素，可替换图片、视频、文案、音乐、logo、字幕。
![image (11).png](https://bbx-pic.gtimg.com/bbx/pictures/2021/231_20210301202500_155092.png)

* 作品列表：作品列表展示已生成的视频，支持按尺寸筛选。支持预览、编辑、同步到素材库、选择封面图、删除的操作。支持批量的同步到素材库、批量删除操作。
![image (12).png](https://bbx-pic.gtimg.com/bbx/pictures/2021/231_20210301202505_283419.png)

## 特殊模板
新增的模板视频工具包含原小视界的模板、新增的各行业模板、主播模板、真人情景剧模板等。

### 主播模板
可上传一个自己拍摄的主播视频，系统自动抠人像，背景可替换图片/视频，生成主播模板视频。

### 真人情景剧模板
可上传一个或多个自己录屏或拍摄的视频内容，嵌入到模板中，生成真人情景剧视频。",https://e.qq.com/ads/helpcenter/detail?cid=1506&pid=4453,2021-11-04 11:41:14
0,微电影,"# 功能介绍
## 功能概述
“微电影工具”是一款为广告主提供的视频智能生成工具。只需要提供少量原始素材（图片/视频/落地页等）、配置基础信息（尺寸/时长等）即可生成超多精彩创意视频供挑选使用，并且支持微调选择特效、配音等视频元素。


# 使用指引
 ## 功能入口
adq广告主可直接登录tacc.qq.com，选择创意工具箱->视频->微电影。
微信MP广告主可在微信投放端里，选择创意中心->创意工具箱->视频->微电影
![image (13).png](https://bbx-pic.gtimg.com/bbx/pictures/2021/231_20210301204909_914217.png)

## 操作步骤
### 第一步，选择原始素材
可以使用图片或者视频素材，支持本地上传、免费素材库、URL链接等方式

### 第二步，配置基础信息
可以自定义选择视频时长、视频尺寸等信息；同时支持添加字幕、配乐、卖点宣传、视频特效、logo、尾帧等创意元素；

### 第三步，一键生成视频
配置完成后可一键生成批量创意视频，并且支持在线预览调整视频内的相关创意元素直到选择出满意的视频。

### 第四步，同步至创意中心素材库并选择投放
挑选出满意视频后可手动/自动同步至创意中心素材库，投放时可以直接选择使用。


## 微电影工具亮点能力
### 1) 智能混剪算法
通过回传广告效果数据训练混剪算法模型，判断最佳混剪方式生成效果视频
![image (14).png](https://bbx-pic.gtimg.com/bbx/pictures/2021/231_20210301204929_651592.png)

### 2) 配乐卡点视频
选择“动感节奏”曲风配乐，根据音乐鼓点一键制作卡点效果视频
![image (15).png](https://bbx-pic.gtimg.com/bbx/pictures/2021/231_20210301204957_694085.png)

### 3) 丰富的视觉特效
提供包括8种“卖点贴纸”、“光影特效”、36种“转场效果”等设计元素，提升视频丰富程度，并持续扩充优化
![image (16).png](https://bbx-pic.gtimg.com/bbx/pictures/2021/231_20210301205012_194522.png)

### 4) 字幕人声配音
支持快速添加字幕，并对字幕进行人声语音合成，提供8种音色选择切换
![image (17).png](https://bbx-pic.gtimg.com/bbx/pictures/2021/231_20210301205029_889544.png)

### 5) 二次加工
支持添加品牌logo、品牌尾帧等元素对视频二次加工，增加品牌曝光度
![image (18).png](https://bbx-pic.gtimg.com/bbx/pictures/2021/231_20210301205055_037146.png)

### 6) 提供海量免费版权的图片",https://e.qq.com/ads/helpcenter/detail?cid=1506&pid=4454,2021-11-04 11:41:13
0,珠宝钟表眼镜保证金管理规范,"为了提升腾讯广告平台整体健康度，腾讯根据现行法律法规、《腾讯广告平台保证金管理规范》及腾讯广告平台其他相关规则，制定珠宝钟表眼镜行业保证金管理规范（以下简称“本规范”）。腾讯广告平台将向珠宝钟表行业部分广告主收取一定额度的广告保证金（以下简称“保证金”），用以担保其在合作期内，遵守《腾讯广告-广告主合作协议》、相关法律法规、腾讯广告平台规则等的相关规定。


## 一、适用对象


1.1本规范适用于珠宝钟表眼镜行业的广告主。


1.2 前款所称珠宝钟表眼镜行业包括但不限于贵金属、玉石、无机宝石、有机宝石、眼镜等以及腾讯根据实际运营需要调整或补充的其他行业。


1.3腾讯将根据现行法律法规及腾讯广告平台相关规则，通过广告投放情况判定需缴纳保证金的珠宝钟表眼镜行业广告主（以下简称“珠宝钟表眼镜广告主”），即从事珠宝钟表眼镜行业，且在腾讯广告平台通过枫页、关注、H5外链及小程序等形式投放广告的广告主。其中“钟表”暂不收取保证金。广告主混业经营且包含珠宝钟表眼镜行业的，按从严要求，默认收取保证金。


1.4 对需要缴纳保证金的广告主，腾讯将发送保证金缴纳通知，通知形式包括但不限于邮件、站内信等。


## 二、保证金缴纳


2.1 珠宝钟表眼镜广告主应在管理投放平台（ad.qq.com）或微信MP广告平台（mp.weixin.qq.com、a.weixin.qq.com）缴纳保证金，作为在平台违法违规广告行为的担保。保证金金额为人民币40,000元/主体（大写：人民币肆万元整）。


2.2珠宝钟表眼镜广告主应按照本规范规定的保证金缴纳流程，在规定时限内，通过线上支付方式，按照相关平台规则向腾讯缴纳保证金。


2.3珠宝钟表眼镜广告主应在注册保证金账户后7个自然日内在系统完成保证金缴纳。


2.4珠宝钟表眼镜行业保证金应在保证金系统使用充值的方式进行缴纳。


## 三、保证金扣罚规则


3.1 珠宝钟表眼镜广告主应保证投放的广告真实、合法、有效，保证不侵犯他人合法权益且符合法律法规以及腾讯广告平台规则的要求，落地页内容与广告具有紧密的关联性，且落地页实际展示的内容与审核时递交的内容保持一致。


3.2腾讯有权根据相关法律法规，腾讯公布的《腾讯广告平台广告主违规处罚条例》（https://e.qq.com/ads/helpcenter/detail?cid=579&pid=2086） 及其他腾讯广告平台规则，在合理的商业范围内独立判断珠宝钟表眼镜广告主构成一级违规或其他应扣罚保证金的违规情形时，对珠宝钟表眼镜广告主账户（含名下相关腾讯广告平台账户）采取扣罚全额保证金的措施，并进一步采取包括但不限于封停账号、冻结账号等处罚措施。


3.3 广告主在平台投放期间产生用户投诉，或其他导致广告主需被追责、追偿等法律责任时，腾讯公司可根据实际情况核实并扣除保证金进行先行赔付。


3.4 珠宝钟表眼镜广告主的违法违规行为及保证金扣罚情况，将通过系统或邮件等方式通知。


## 四、保证金补缴


4.1珠宝钟表眼镜广告主在收到扣罚通知后且保证金账户余额低于40,000元时，则关闭内部流量权限，限制广告投放，广告主应立即向腾讯公司补缴保证金至人民币40,000元整。


4.2如广告主已缴纳的保证金不足以充抵扣罚金额的，除应按上述规定补缴全额保证金外，还需在收到腾讯公司通知后3个自然日内立即向腾讯公司支付差额部分。


4.3若珠宝钟表眼镜广告主未按照本规范缴纳或补缴保证金的，腾讯有权对珠宝钟表眼镜广告主账户（含名下相关腾讯广告平台账户）采取包括但不限于不予开户、冻结账户或限制珠宝钟表眼镜广告投放等处理。


## 五、保证金退款


5.1 保证金在缴纳期间不产生任何利息。


5.2 珠宝钟表眼镜广告主申请保证金退款，应在线下发起申请；广告主发起退款申请须发邮件至保证金项目邮箱（dsbzj@tencent.com），并添加《保证金结算确认函》至邮件附件，《保证金结算确认函》见附件2。自广告主发送线下退款申请邮件起，预计60个工作日内完成退款。


## 六、注意事项及其他


珠宝钟表眼镜广告主了解并同意：


6.1本规范是在遵守国家法律法规、维护公序良俗，以及保护他人合法权益的基础上，为向用户提供安全、合法、真实的广告而制定的，腾讯将尽商业上的合理努力依照现行有效的法律法规做出判断及处理，由此产生的后果，珠宝钟表眼镜广告主已经理解并同意自行承担。


6.2珠宝钟表眼镜广告主的登录、使用腾讯广告平台等行为即视为已阅读并同意本规范的约束，若珠宝钟表眼镜广告主不同意或对本规范的相关规定有异议，应立即停止使用腾讯广告平台的相关服务，并及时向腾讯反馈。


6.3腾讯有权根据相关法律法规更新或腾讯广告平台运营的需要，对本规范进行修改并更新，就上述修改及更新，腾讯公司将通知服务商/广告主。珠宝钟表眼镜广告主应经常查看以便获得最新信息，若珠宝钟表眼镜广告主继续使用腾讯广告平台服务，视为同意本规范的修改或更新。


6.4本规范的附件1：珠宝钟表眼镜行业保证金系统操作指引和附件2：《保证金结算确认函》作为本规范的一部分，与本规范具备同等法律效力。具体保证金系统使用规则、流程等，以附件规定为准。


6.5若双方之间发生任何纠纷或争议，首先应友好协商解决；协商不成的，双方在此完全同意将纠纷或争议提交协议签订地深圳市南山区有管辖权的人民法院解决。",https://e.qq.com/ads/helpcenter/detail?cid=1575&pid=4710,2022-01-12 15:24:04
0,幻灯片视频,"# 功能介绍
## 功能概述
如果客户只有图片，可以快速制作视频么？- 只需要导入ppt或图片，智能实现在音乐节奏点进行图片转场


# 使用指引
## 功能入口
创意中心官网——工具箱——幻灯片视频
![企业微信截图_568164f1-e821-4243-88f6-94ac37040bdf.png](https://bbx-pic.gtimg.com/bbx/pictures/2021/231_20210301205550_717098.png)

## 操作步骤
* 在上传视频处选择制作视频，可以选择视频尺寸。
* 可根据图片素材，随机混剪单次批量生成视频。
* 上传添加3-60张图片（支持批量上传），添加logo。
* 可自由选择单个视频中包含的素材数量。
* 设置转场动效、音乐卡点及每张图显示时间。
* 可一次性生成多个视频，快速减少视频制作时间。
* 系统会根据图片数和时长自动推荐一首配乐，若有需要可以自行更换。
* 生成视频，自动保存在您的视频素材库。立即用于广告。视频渲染及同步过程约需要20-30秒。
![image (19).png](https://bbx-pic.gtimg.com/bbx/pictures/2021/231_20210301205630_053628.png)",https://e.qq.com/ads/helpcenter/detail?cid=1506&pid=4456,2021-11-04 11:41:14
0,智能编辑,"# 功能介绍
## 功能概述
一支视频想投放多个广告位，如何快速配置不同广告位的尺寸？横转竖？竖转横？会不会把主角的脸切不完整？还想快速加logo？
智能编辑可以智能识别视频内容和人物，进行智能剪辑、取图、尺寸转换、时长调整等，以满足不同流量的投放要求；同时支持多个视频的批量操作，降低广告主操作成本。
功能说明：


# 使用指引
## 功能入口
创意中心官网——工具箱——智能编辑

## 操作步骤
* 支持批量视频上传，可从本地、或者文档的形式上传。
* 选择目前尺寸后，有不同的尺寸转换方式，包括智能剪裁（自动识别视频主体）、高斯模糊、智能取图。[详情](http://docs.qq.com/doc/DVmlyUERkY1BiTEh4)
* 支持logo的批量添加。
* 对视频时长调整，可以加速，减速，也可将溢出进行剪裁
* “建立任务”后点击右上角任务列表按钮，查看已生成视频。从中挑选满意的视频，同步到您的素材库中。
* 注：后续将增加字幕、分镜等功能。

![image (20).png](https://bbx-pic.gtimg.com/bbx/pictures/2021/231_20210301210101_767572.png)",https://e.qq.com/ads/helpcenter/detail?cid=1506&pid=4457,2021-11-04 11:41:13
0,语音转字幕,"# 功能介绍
## 功能概述
给视频加字幕很难么？-语音转字幕，轻松解决。
通过智能算法，根据语音信息一键生成字幕，并支持对字幕内容、起止时间、样式的快速调整
![image (21).png](https://bbx-pic.gtimg.com/bbx/pictures/2021/231_20210301210458_446572.png)

# 使用指引
## 功能入口
创意中心官网(TACC)→创意工具箱→小工具→语音转字幕

## 操作步骤
* 支持素材库视频或本地上传视频一键加字幕
* 支持字幕起止时间、文字内容、多种预设样式快速调整
* 支持字幕效果快速预览

![image (22).png](https://bbx-pic.gtimg.com/bbx/pictures/2021/231_20210301210524_855199.png)",https://e.qq.com/ads/helpcenter/detail?cid=1507&pid=4458,2021-11-04 11:41:14
0,文案助手,"# 功能介绍
## 功能概述
每天写文案已经才思枯竭？不知道写的文案好不好，心里没底？
“文案助手”工具通过智能算法，自动生成优质文案建议，高效编辑文案。


# 使用指引
## 功能入口
创意中心——工具箱——小工具——文案助手

## 操作步骤
按照行业筛选，只需输入的关键词，系统即智能推荐相关广告文案。
![image (23).png](https://bbx-pic.gtimg.com/bbx/pictures/2021/231_20210301210709_680117.png)",https://e.qq.com/ads/helpcenter/detail?cid=1507&pid=4459,2021-11-04 11:41:14
0,人群包管理,"# 功能介绍
客户可对已创建的人群进行搜索、筛选、授权、拓展、复制、分级、删除等操作。


# 使用指引
### 管理人群
客户可以在“我的人群”页面对创建的人群进行管理。
![111.png](https://bbx-pic.gtimg.com/bbx/pictures/2021/77_20210301211204_125503.png)
操作：在人列表中，可对人群进行进行搜索、筛选、授权、拓展、复制、分级、删除等操作。

人群详情：点击人群所在行进入详情页中，可以对人群名称和描述进行编辑，还可查看该人群具体信息，如人群ID、创建时间、来源、人群规则和授权记录等信息。

搜索：可以按照人群名称来搜索具体人群。

条件筛选：客户可以根据“类型”“状态”来筛选，DMP将根据客户设定的条件，筛选出人群。

批量操作：目前支持”授权“的批量操作，点击”批量操作“后，多选人群，进入批量授权流程。

### 人群状态
在人群列表中，有每个人群的当前状态。人群状态分为如下类型：
![222.png](https://bbx-pic.gtimg.com/bbx/pictures/2021/77_20210301211216_045069.png)
计算中：正在计算的人群，一般是人群创建操作到人群可用之间的过渡状态；

可用：处理完成并成功可用的人群；

计算失败：人群里面的号码格式错误或人群计算失败等原因，计算失败的人群不可用；

冻结：90天内未投放广告的人群会被暂时冻结，再次投放广告可解冻；

锁定：被授权的人群，当授权关系被取消时该人群置为“锁定”状态，通过该授权人群再加工的人群不受影响；“锁定”状态人群不可继续编辑，不可以再加工，不可用于广告投放，仅支持删除。

[更多人群管理>>](https://dmp.tencent.com/helpcenter/detail?catalogId=744&postId=2180)",https://e.qq.com/ads/helpcenter/detail?cid=1513&pid=4460,2021-11-04 11:41:16
0,智能投手-批量创建,"# 功能介绍
腾讯广告智能投手批量新建功能对齐基础流程的所有投放能力，单次最多可创建1000条广告，可同时满足各行业客户日常和营销活动场景下广告上新诉求。

## 1. 适用场景
* 新账户快速搭建广告测试，积累数据
* 日常维护账户在投广告，广告衰退及时上新
* 日常测试新素材与定向，探索更优效果方案
* 营销活动推广需求倍增，助力人效提升

## 2. 功能简介
批量新建流程通过变量组合创建的模式，帮助你搭建广告时，对广告定向和创意的素材、落地页、文案进行充分测试，且搭建不同的广告更有助于账户的消耗量级提升。因此流程大致分为以下3个部分：
● 统一设置基础信息：即单次新建时，所有广告的推广计划、广告和创意都相同的内容，只需设置一次
● 批量添加变量内容：批量添加多个定向、素材、落地页和文案，用于交叉组合生成不同的广告
● 生成并预览广告：预览最终生成的广告，并支持广告微调
![1.png](https://bbx-pic.gtimg.com/bbx/pictures/2021/212_20210625120606_771583.png)

# 使用指引
## 1. 操作步骤
## 1.1 功能入口
为进一步提高广告创建效率，批量新建支持从以下场景进行创建：
1）基于空白模板批量新建，适用于新账户或新投放方案创建时使用。入口：推广列表左下方或顶部导航右上方【批量新建】进入。
![2.png](https://bbx-pic.gtimg.com/bbx/pictures/2021/212_20210625120741_313203.png)

2）基于某条广告批量新建，适用于衰退广告上新或测试新变量时使用。入口：推广列表某条广告的操作项中，选择【批量新建】进入。
![3.png](https://bbx-pic.gtimg.com/bbx/pictures/2021/212_20210625121120_026741.png)

## 1.2 流程操作介绍
### 1） 设置基础信息
进入批量新建流程后，首先需要设置基础信息，即本期批量搭建的广告所属计划、广告和创意内容都相同的部分。
点击【设置基础信息】即可进入流程设置：
● 推广计划：推广目标、投放方式、计划日预算、计划名称等
● 广告：目标详情、版位、排期与出价、广告名称等
● 广告创意：创意形式、品牌标识、附加组件、创意名称等
注：定向、素材、落地页和文案不在基础信息中设置，将作为变量在下一环节设置。
![4.png](https://bbx-pic.gtimg.com/bbx/pictures/2021/212_20210625121704_459986.png)
自定义命名规则：新流程支持为计划、广告、创意名称添加命名规则，你可以从规则中选择需要的字段，将在广告生成时根据广告设置的内容进行填充，减少手动修改广告名称的操作。
注：为了保证计划/广告/创意不重名，系统将自动为计划/广告/创意名称加上后缀，因此建议名称不超过50字。
![5.png](https://bbx-pic.gtimg.com/bbx/pictures/2021/212_20210625121709_564931.png)
填写好内容后，点击【确定】即可在批量新建主流程查看刚才设置的内容，如需修改可点击右上角【编辑】。
![6.png](https://bbx-pic.gtimg.com/bbx/pictures/2021/212_20210625121714_715401.png)

### 2） 批量添加内容
依次批量添加多个定向、素材、落地页和文案，用于交叉组合生成不同的广告。倘若某个内容不作为交叉变量，可仅添加1个。
![7.png](https://bbx-pic.gtimg.com/bbx/pictures/2021/212_20210625121936_794793.png)
● 定向：点击【添加定向】，可添加多个定向或定向包。
![8.png](https://bbx-pic.gtimg.com/bbx/pictures/2021/212_20210625121948_086705.png)
● 落地页：点击【添加落地页】，可添加多组落地页，允许设置不同落地页类型。
![9.png](https://bbx-pic.gtimg.com/bbx/pictures/2021/212_20210625121959_217151.png)
● 素材：点击【添加素材】，根据基础信息中选择的创意形式上传对应的素材内容。视频素材允许再设置【视频与封面成组】开关，开则封面与视频一一对应，关则将封面与视频进行交互组合（如上传2个封面与3个视频，最终生成6组视频）。
![10.png](https://bbx-pic.gtimg.com/bbx/pictures/2021/212_20210625122010_631558.png)
● 文案：点击【添加文案】，添加多组文案。添加完成后可在右上角设置是否【自动分配】。勾选自动分配则多组文案不进行交叉组合，而是素材与落地页交叉组合后，依次为每个组合分配一个文案。
![11.png](https://bbx-pic.gtimg.com/bbx/pictures/2021/212_20210625122020_366241.png)
倘若是基于某条广告批量新建或某次批量新建复制，则进入流程后，基础信息和变量会默认展示广告原设置的内容，你可点击【编辑】进行调整。
![12.png](https://bbx-pic.gtimg.com/bbx/pictures/2021/212_20210625122032_902532.png)

### 3） 广告预览与微调
添加完基础信息与变量后，系统默认每个广告下创建3个创意，如需修改可点击页面右上角自定义设置每条广告下的创意条数。
![13.png](https://bbx-pic.gtimg.com/bbx/pictures/2021/212_20210625122127_676948.png)

设置完成后，系统将自动计算此次批量信息最终生成的广告条数，以及核心展示广告变量组合情况。你可在页面下方预览。
倘若你需要为每个广告设置不同的渠道包，可点击预览右上角【自定义渠道包】，在预览下方广告列表中进行修改。
注意：建议确认基础信息、变量以及创意个数等设置无误后，再进行自定义渠道包，否则设置渠道包后再返回修改以上信息，自定义的渠道包将恢复重置。
![14.png](https://bbx-pic.gtimg.com/bbx/pictures/2021/212_20210625122137_729882.png)

所有内容设置完成且确认无误后，点击【提交】则完成本次批量新建。
![15.png](https://bbx-pic.gtimg.com/bbx/pictures/2021/212_20210625122154_517530.png)

系统将在后台根据你的设置创建广告。你可通过查看项目状态了解创建进度。
● 初始化中：系统创建广告中
● 开始投放中：广告创建完成
● 初始化失败：广告创建失败，可鼠标放到状态处查看具体原因
![16.png](https://bbx-pic.gtimg.com/bbx/pictures/2021/212_20210625122205_168188.png)

## 2. 注意事项
1）以下场景暂不支持批量新建：
* DC广告
* 行业极速版

2）自定义命名规则使用限制：
* 由于计划/广告/创意的名称均有字数限制，因此单次最多可选5个字段。
* 每个字段选择后，也有最长长度限制，避免超长。存在长度限制的字段可参考如下：

推广目标类型：4个字

应用名称：5个字

版位名称：10个字

优化目标：8个字

定向包名称：10个字

创意形式名称：8个字

素材名称：10个字",https://e.qq.com/ads/helpcenter/detail?cid=1517&pid=4462,2021-11-04 11:41:17
0,微信流量-深度优化ROI,"# 功能介绍

「深度优化ROI」是为对深度转化ROI有要求的广告主提供的投放产品。在深度优化ROI时，广告主可以直接设定目标ROI，平台会基于广告的转化行为和转化金额，预估流量能带来的转化价值，尽可能使广告达成广告主设定的目标ROI。

请注意，优化ROI的广告会尽可能为广告挑选高转化价值的用户，优化广告的ROI，但很难实现ROI的大幅提高。因此在实际投放时，请根据产品的历史ROI情况设定合理的ROI目标值，设定过高的ROI目标会严重影响广告的拿量能力。

ROI = 广告转化金额 ÷ 广告消耗。在不同的场景下，ROI会采用不同的计算方式。请根据行业的特点，选择适合的优化产品，避免影响广告效果。


# 使用指引
## 一、广告设置
![Screen Shot 2021-04-22 at 4.31.30 PM.png](https://bbx-pic.gtimg.com/bbx/pictures/2021/129_20210422163333_124730.png)

使用oCPC/oCPM投放，勾选“深度转化优化”，并选择“优化ROI”
提供两个优化目标和出价：
* 优化目标：希望优化的浅层转化行为，或转化链路上较为关键的浅层行为，如激活、表单预约
* 深度优化目标：希望优化的ROI，如**首日变现ROI，首日付费ROI**等
出价：按照对优化目标的真实期望出价即可；请注意，期望ROI出价请勿过低，否则会影响获量
定向：推荐搭配自动扩量或系统优选使用，以帮助广告快速获量
创意：推荐使用动态创意

## 二、适用场景
## 小游戏推广 - 首日广告变现ROI

小游戏推广 - 首日广告变现ROI 是腾讯广告为IAA小游戏提供的价值优化能力。客户可设定希望广告达到的变现ROI目标，平台会根据广告带来的变现金额情况，尽可能使广告达到客户设定的ROI。广告变现数据全部由平台进行上报，广告主无需进行数据回传即可投放。

### 支持的流量版位

目前支持的版位包括：微信朋友圈、微信公众号与小程序

### 如何定义「首日广告变现ROI」？

广告变现，指的是小游戏广告主投放广告带来的用户，在广告主的小游戏内观看/点击广告，为开发者带来广告分成的行为。

在投放端，我们使用「小游戏首日广告变现金额」和「小游戏首日广告变现ROI」指标来统计广告的首日变现。具体的指标定义为

1、小游戏首日广告变现金额：广告带来的注册用户，在注册当日，产生的变现金额。该指标为实时计算，因此和开发者在商业化工具箱内看到的数据可能有少量差异。

2、小游戏首日广告变现ROI：小游戏首日广告变现金额 ÷ 花费（元）

### 「注册 - 首日广告变现ROI」的优化逻辑是什么？

注册 - 首日广告变现ROI采用两阶段的优化逻辑。

广告上线初期，系统会按注册出价优化广告，尽可能使广告的注册转化成本不超过出价。在积累了「￥1.00」的转化金额（小游戏首日广告变现金额指标金额达到1元）后，系统会开始优化广告的首日广告变现ROI，尽可能使得广告的ROI高于目标ROI的80%。

请注意，因广告拉取和变现行为发生过程中的时差，广告可能在投放端指标略微高于1元时才进入二阶段开始优化ROI。如果广告上线初期ROI不达预期，请保持观察。如果在变现金额远超1元后ROI依然大幅低于目标ROI，请及时暂停广告。

### 「广告变现 - 首日广告变现ROI」的优化逻辑是什么？

广告变现 - 首日广告变现ROI同样采用两阶段的优化逻辑。

与注册为一阶段优化目标不同，广告上线初期，系统会按广告变现行为出价优化广告，尽可能使广告的广告变现行为成本不超过出价。在积累了「￥1.00」的转化金额（小游戏首日广告变现金额（预估）指标金额达到1元）后，系统会开始优化广告的首日广告变现ROI，尽可能使得广告的ROI高于目标ROI的80%。

## 小游戏推广 - 首日付费ROI

### 支持的流量版位

目前支持的版位包括：微信朋友圈、微信公众号与小程序

### 「注册 - 首日付费ROI」的优化逻辑是什么？

注册出价高低不影响深层目标达成，一阶段无门槛直接进入首日付费ROIocpm深层优化目标。

### 「首次付费 - 首日付费ROI」的优化逻辑是什么？

首次付费 - 首日付费ROI采用两阶段的优化逻辑。

与注册为一阶段优化目标不同，广告上线初期，系统会按首次付费出价优化广告，尽可能使首次付费成本不超过出价。在积累了「￥25.00」的转化金额（小游戏首次付费金额达到25元）后，系统会开始优化广告的首日付费ROI。


## 其他ROI优化产品能力

腾讯广告还为其他行业的广告主提供下列的ROI优化能力，目前正在邀请制内测中，请联络广告运营经理了解产品能力详情及开通白名单。

1、IAP游戏行业：推广应用 - 激活 - 首日付费ROI

2、网服行业：推广应用 - 激活 - 广告变现ROI

3、电商行业：推广商品 - 下单 - 下单ROI

## 三、成本保障方案
小游戏推广 - 首日广告变现ROI暂不支持赔付，其他场景成本保障方案可参考[赔付政策](https://e.qq.com/ads/helpcenter/detail?cid=516&pid=2004)",https://e.qq.com/ads/helpcenter/detail?cid=516&pid=4719,2022-01-07 12:22:48
0,行业创意精选,"# 功能介绍
行业创意精选，精选近期跑量和吸睛的创意，借助专业的创意专家团队，对每个创意分别从脚本文案，拍摄方式，表演剪辑等角度进行详细解读，不仅授之以鱼，更是授之以渔！目前已上线IAA游戏，K12教育，金融等行业精选案例分析，会陆续上线其他行业案例分析。

### 爆款创意优选：
可以点击查看更多案例
![行业创意精选1.jpg](https://bbx-pic.gtimg.com/bbx/pictures/2021/209_20210604120749_517071.jpg)


### 黄金3秒解析：
![行业精选案例-黄金3秒解析4.jpg](https://bbx-pic.gtimg.com/bbx/pictures/2021/209_20210604120808_726671.jpg)



### 创意形式解析
筛选该行业近期不同创意形式的吸睛方式，可以点击标签切换解析案例
![行业创意精选-创意形式解析.jpg](https://bbx-pic.gtimg.com/bbx/pictures/2021/209_20210604120944_463358.jpg)",https://e.qq.com/ads/helpcenter/detail?cid=1676&pid=4953,2021-11-04 11:41:13
0,看点热榜,"# 功能介绍
想看现在流行什么样的原创短视频？

精选来自腾讯看点三大场景QQ浏览器、QQ看点、看点快报的高质量视频，快速掌握头部视频内容。

![看点热版1.png](https://bbx-pic.gtimg.com/bbx/pictures/2021/178_20210604113104_114579.png)
### A  功能说明

➢ 可查看腾讯看点目前热播视频内容；

➢ 支按文案、分类的搜索；

➢ 支持通过内容分类、视频版式、视频时长进行筛选；

➢ 支持按完播指标、互动指标进行排序；

➢ 支持点击分享，一键复制链接分享视频给好友；
![看点热榜2.png](https://bbx-pic.gtimg.com/bbx/pictures/2021/178_20210604113306_993492.png)
### B  数据说明

看点热榜内容每日更新，精选昨日最佳播放视频，播放量数据为昨日播放量，非累计数据。

版权问题请勿直接用于广告投放。",https://e.qq.com/ads/helpcenter/detail?cid=1677&pid=4954,2021-11-04 11:41:13
0,视频创意小剧场,"# 功能介绍
按**行业筛选**效果优秀的视频成片订制的案例和广告代理商优选案例，展示制作方和视频关键要点，以便广告主参考。

 支持TCC视频订制广告“**跟TA合作**”功能，点击跳转到TCC下单给对应的制作方和套餐类型。
![视频创意小剧场.png](https://bbx-pic.gtimg.com/bbx/pictures/2021/178_20210604113558_057623.png)",https://e.qq.com/ads/helpcenter/detail?cid=1678&pid=4955,2021-11-04 11:41:13
0,热点资讯,"# 功能介绍
想了解你的潜客人群最近关注什么网络新闻信息？

热点资讯榜汇总展示腾讯看点、微信公众号、腾讯新闻三大流量中的TOP热度关键词，可按人群属性定向查找。便于广告主创意团队了解目标人群最近关注的热点资讯，获取脚本灵感。

### A  功能说明
➢ 支持不同属性人群的TOP热度关键词与文章查询;

➢ 支持腾讯看点、微信公众号、腾讯新闻三大流量场景的TOP热度关键词与文章查询;

➢ 支持不同行业TOP热度的关键词与文章查询;

![热点资讯1.png](https://bbx-pic.gtimg.com/bbx/pictures/2021/178_20210604113852_954323.png)

### B  数据说明
热点资讯内数据每日更新，精选昨日腾讯看点、微信公众号、腾讯新闻TOP热度关键词及对应文章。",https://e.qq.com/ads/helpcenter/detail?cid=1679&pid=4956,2021-11-04 11:41:13
0,创意排行榜,"# 功能介绍
腾讯广告创意排行榜是腾讯广告官方提供的创意指导工具，目前提供热门**创意排行榜**和**黄金3秒榜**。

创意没灵感？脚本没思路？想看什么样的创意可以起量又有效？可以在创意排行榜中筛选查看，点击详情参考。
腾讯广告创意排行榜为你展示腾讯全流量下优秀的跑量创意，快速get创意灵感！

# 使用指引
广告主可查看7天/15天/30天内的竞价广告创意排行，支持按曝光量、点击率、点击转化率、曝光转化率查看创意，支持按以下维度进行创意筛选，鼠标悬停播放：
* 时间范围（7天、15天、30天）；
* 创意类型；
* 一级、二级行业；
* 投放版位；
* 创意版式；
* 商品类目（教育、电商，持续增加ing） ；
* 推广目标；
* 游戏品类；
* 视频时长；
* 呈现形式（口播、混剪、配音、情景剧、录屏等）；
* 文案利益点（辅助、优势、需求、痛点）；
* 搜索关键词模糊查询
![创意排行榜1.png](https://bbx-pic.gtimg.com/bbx/pictures/2021/209_20210604112956_413875.png)


**不同类型游戏创意差别很大怎么参考？**

---- 创意排行榜提供游戏品类筛选项，能够根据变现模式、核心玩法、买量市场等维度进一步下钻，快速帮您找到需要参考的游戏创意内容！
![创意排行榜-游戏行业1.png](https://bbx-pic.gtimg.com/bbx/pictures/2021/209_20210604113139_440474.png)
![创意排行榜-游戏行业2.png](https://bbx-pic.gtimg.com/bbx/pictures/2021/209_20210604113145_974843.png)

点击创意后，可以快速切换相邻创意参考：
![创意排行切换.png](https://bbx-pic.gtimg.com/bbx/pictures/2021/209_20210604114010_279810.png)

**优化师想把好的创意发给设计师或者客户参考？**

----创意排行榜支持“一键分享”，保护创意只能查看，不能下载
![排行榜分享1.png](https://bbx-pic.gtimg.com/bbx/pictures/2021/209_20210604114418_975005.png)

**不知道好创意用了什么制作方法？也想做类似的创意？**

----创意排行榜支持“免费做同款”，点击后直达成片订制的相同制作方下单界面，或者微电影的相同模板，制作属于您的优秀创意。
![创意排行榜-做同款3.jpg](https://bbx-pic.gtimg.com/bbx/pictures/2021/209_20210604114530_865198.jpg)

点击每个创意，展示**创意详情页**，可以查看创意数据概览、视频互动分析、所在二级行业受众分布等信息
![创意排行榜详情页.jpg](https://bbx-pic.gtimg.com/bbx/pictures/2021/209_20210604113549_025155.jpg)
![创意排行榜详情页2.jpg](https://bbx-pic.gtimg.com/bbx/pictures/2021/209_20210604113613_334761.jpg)

视频前3秒的用户流失量是最大的，如何在3秒内抓住用户的注意力？是优化师们关注的重点难题。

---- 腾讯广告创意排行榜提供**黄金3秒榜**，根据视频创意前三秒完播率排序，让你了解当前最有效果的吸睛创意，轻轻松松留住用户！
![黄金3秒榜1.png](https://bbx-pic.gtimg.com/bbx/pictures/2021/209_20210604114851_338157.png)",https://e.qq.com/ads/helpcenter/detail?cid=1675&pid=4957,2021-11-04 11:41:12
0,创意课堂,"# 功能介绍
分行业进行创意策略洞察与素材解析，提供“爆款”归因和实操优化建议，为创意优化指明方向。

创意课堂包含创意精品课和创意方法论，前者筛选优秀视频课程，声临其境的讲解各种创意的设计思路、注意要点和实战训练；后者筛选各行业创意方法论，用案例加分析的方式详解创意设计思路。
### 创意精品课
![创意课堂1.png](https://bbx-pic.gtimg.com/bbx/pictures/2021/178_20210604114844_058804.png)
### 创意方法论
![创意课堂2.png](https://bbx-pic.gtimg.com/bbx/pictures/2021/178_20210604114951_496877.png)",https://e.qq.com/ads/helpcenter/detail?cid=1680&pid=4958,2021-11-04 11:41:13
0,素材库,"# 功能介绍
你还在用本地文件夹管理素材么？

广告主可以在“素材库”中，进行素材的分类集中管理和维护，可以实现：

- **统一管理**：包含历史投放、上传待使用和其他制作工具制作的素材。

- **分类管理** ：分类管理图片、视频、品牌形象、试玩素材等多种创意类型，并给素材打标签，用于素材投放中的策略应用。

- **自动转码**：上传的视频自动转码，以保证在用户侧正常播放，转码成功的视频可预览，转码失败的视频会提供失败原因。",https://e.qq.com/ads/helpcenter/detail?cid=1697&pid=4961,2021-11-04 11:41:15
0,视频模板,"# 功能介绍
创意集市，新增大量行业化视频模板，限时免费，可通过微电影工具快速生产优质视频

# 使用指引
 **【功能入口一】** 创意中心-创意集市 [视频模板]( https://adc.qq.com/market/)

只需选择视频模板，替换视频片段、文案等元素，即可快速生成视频，同步投放端可用
![视频模板1.png](https://bbx-pic.gtimg.com/bbx/pictures/2021/209_20210604133356_686790.png)
![视频模板2.png](https://bbx-pic.gtimg.com/bbx/pictures/2021/209_20210604133409_544557.png)
![视频模板3.png](https://bbx-pic.gtimg.com/bbx/pictures/2021/209_20210604133444_920968.png)

 **【功能入口二】** ADQ投放端-创意工作台-微电影
![视频模板-投放端微电影.png](https://bbx-pic.gtimg.com/bbx/pictures/2021/209_20210604133620_332394.png)

 **【功能入口三】** 创意中心-创意工具箱-微电影
![视频模板-微电影.png](https://bbx-pic.gtimg.com/bbx/pictures/2021/209_20210604133639_600801.png)",https://e.qq.com/ads/helpcenter/detail?cid=1684&pid=4962,2021-11-04 11:41:15
0,免费视频片段,"# 功能介绍
创意集市--提供大量行业化视频片段，限时免费为广告主提供版权视频，通过微电影工具混剪广告主自由素材，高效生产视频素材。

# 使用指引
【功能入口】创意中心-创意集市（ https://adc.qq.com/market/）-免费视频

![免费视频片段1.png](https://bbx-pic.gtimg.com/bbx/pictures/2021/209_20210604134527_954267.png)",https://e.qq.com/ads/helpcenter/detail?cid=1685&pid=4963,2021-11-04 11:41:15
0,2022年区域运营商行业核心服务商名单公示,"# 2022年区域运营商行业核心服务商名单公示
（排名不分先后顺序）
## 
### **业务范围：运营商行业区域客户广告业务（不含集团、地方移动集采业务）**

## 1、广东赛铂互动传媒广告有限公司
![01-2022区域运营商牌照-广东赛铂互动传媒广告有限公司.jpg](https://bbx-pic.gtimg.com/bbx/pictures/2021/195_20211231162400_115506.jpg)
## 2、广州骏伯网络科技有限公司
![04-2022区域运营商牌照-广州骏伯网络科技有限公司.jpg](https://bbx-pic.gtimg.com/bbx/pictures/2021/195_20211231162414_952651.jpg)
## 3、广州易尊网络科技股份有限公司
![03-2022区域运营商牌照-广州易尊网络科技股份有限公司.jpg](https://bbx-pic.gtimg.com/bbx/pictures/2021/195_20211231162449_427759.jpg)
## 4、南京欣网互联网络科技有限公司 
![07-2022区域运营商牌照-南京欣网互联网络科技有限公司.jpg](https://bbx-pic.gtimg.com/bbx/pictures/2021/195_20211231163024_336020.jpg)
## 5、厦门众联世纪科技有限公司
![05-2022区域运营商牌照-厦门众联世纪科技有限公司.jpg](https://bbx-pic.gtimg.com/bbx/pictures/2021/195_20211231163042_796099.jpg)
## 6、浙江广脉互联技术有限公司
![02-2022区域运营商牌照-浙江广脉互联技术有限公司.jpg](https://bbx-pic.gtimg.com/bbx/pictures/2021/195_20211231163057_742289.jpg)
## 7、中国邮政集团有限公司湖南省分公司
![06-2022区域运营商牌照-中国邮政集团有限公司湖南省分公司.jpg](https://bbx-pic.gtimg.com/bbx/pictures/2021/195_20211231163113_629178.jpg)",https://e.qq.com/ads/helpcenter/detail?cid=524&pid=4228,2021-12-31 16:32:51
0,2022年区域汽车行业服务商名单公示,"# 2022年区域汽车行业服务商名单公示
（排名不分先后顺序）
## 业务范围：区域汽车厂商及4S店/经销商的广告业务
## 1、北京五八汽车科技股份有限公司
![06-2022区域汽车牌照-华北一区-北京五八汽车科技股份有限公司.jpg](https://bbx-pic.gtimg.com/bbx/pictures/2021/195_20211231161322_932991.jpg)
## 2、北京新广互动网络科技有限公司
![07-2022区域汽车牌照-华北二区-北京新广互动网络科技有限公司.jpg](https://bbx-pic.gtimg.com/bbx/pictures/2021/195_20211231161429_846403.jpg)
## 3、北京壹伍壹拾广告有限公司
![01-2022区域汽车牌照-西区-北京壹伍壹拾广告有限公司.jpg](https://bbx-pic.gtimg.com/bbx/pictures/2021/195_20211231161403_940954.jpg)
## 4、合合传媒(湖南)有限公司
![04-2022区域汽车牌照-华南二区-合合传媒(湖南)有限公司.jpg](https://bbx-pic.gtimg.com/bbx/pictures/2021/195_20211231161552_667080.jpg)
## 5、深圳市澈映天地文化传媒有限公司
![05-2022区域汽车牌照-华南一区-深圳市澈映天地文化传媒有限公司.jpg](https://bbx-pic.gtimg.com/bbx/pictures/2021/195_20211231161536_305572.jpg)
## 6、蔚蓝云创(上海)数字科技有限公司
![02-2022区域汽车牌照-华东一区-蔚蓝云创(上海)数字科技有限公司.jpg](https://bbx-pic.gtimg.com/bbx/pictures/2021/195_20211231161503_662617.jpg)
## 7、浙江沃天互动数字科技有限公司
![03-2022区域汽车牌照-华东二区-浙江沃天互动数字科技有限公司.jpg](https://bbx-pic.gtimg.com/bbx/pictures/2021/195_20211231161517_761549.jpg)",https://e.qq.com/ads/helpcenter/detail?cid=524&pid=4229,2021-12-31 16:44:49
0,素材库授权,"# 功能介绍
优化师管理多个账户，大量素材要上传到多个账户中，如何提升效率？

素材授权功能支持ADQ账户将视频和图片素材授权给其它账户，其它账户可将授权的素材用于广告投放。当授权账户修改已经授权的素材时，接受授权的账户中，该素材会同步更新哦！
###  功能入口
● ADQ广告账户入口
资产 - 创意素材 - 我的素材 - 素材库授权
![素材库1.png](https://bbx-pic.gtimg.com/bbx/pictures/2021/178_20210604141822_912354.png)
● Marketing API 入口

[营销资产-资产授权-资产权限授予（asset_permissions/add）](https://developers.e.qq.com/docs/api/business_assets/asset_permissions/asset_permissions_add?version=1.3)

[营销资产-资产授权-资产权限回收（asset_permissions/delete）](https://developers.e.qq.com/docs/api/business_assets/asset_permissions/asset_permissions_delete?version=1.3)

# 使用指引
### ADQ 投放端操作介绍
● 授权素材（目前只支持ADQ账户）

**大批量相同素材要上传到多个账户投放，如何提升效率？**

广告主、优化师、设计师可以在「素材库」中选择素材和授权范围，「素材库授权」下拉菜单，点击「授权」按钮。

**指定账户**，可选择同商务管家内的指定账户或同主体下的指定账户（服务商型商务管家除外）。

**同商务管家下的所有账户**，授权至该商务管家下所有账户及未来加入的新账户（服务商型商务管家除外）。

**同主体下的所有账户**，授权至该主体下所有账户及未来加入的新账户。
![素材库2.png](https://bbx-pic.gtimg.com/bbx/pictures/2021/178_20210604142312_908161.png)

● 投放授权素材
接受素材授权的广告账户，可在“素材中心”里选择“本地上传（授权）”的素材进行投放，授权的素材ID不变。
![素材库3.png](https://bbx-pic.gtimg.com/bbx/pictures/2021/178_20210604142333_521546.png)",https://e.qq.com/ads/helpcenter/detail?cid=1698&pid=4965,2021-11-04 11:41:16
0,标签分析,"# 功能介绍
广告主和优化师每天大量的素材，投放后效果好/坏仅从数据上看现象，但并不清楚为什么这个素材好或坏？视频素材成本远高于图文，服务商的废片率居高不下，如何才能了解到到底视频哪些要素导致了效果好？下次如何复用？

现在在素材分析模块中，增加标签维度的报表，快速查看账户内素材在视频呈现形式、视频基础属性、文案利益点上的数据表现。


# 使用指引 
访问路径：创意中心素材分析（https://tacc.qq.com/creative-analysis）-> 标签分析

**产品功能：**

① 在素材分析模块中，增加标签维度的报表，将素材数据汇总到各个标签值
![标签分析1.png](https://bbx-pic.gtimg.com/bbx/pictures/2021/178_20210604145324_573739.png)
②点击标签报表其中一行，跳转展示带有该标签的素材列表，按照消耗排序，点击具体素材进入该素材详情页
![标签分析2.png](https://bbx-pic.gtimg.com/bbx/pictures/2021/178_20210604145400_227762.png)
**数据说明：**
目前已经开放的标签：视频呈现形式、视频基础属性、文案利益点

（详细标签描述请见：[创意中心标签分析产品能力](https://docs.qq.com/doc/DQlBTcXZsVUJFem1n)）",https://e.qq.com/ads/helpcenter/detail?cid=1699&pid=4969,2021-11-04 11:41:16
0,搜索广告专题投放指引,"# 功能介绍
**一、** **搜索广告-广告位简介**

搜索直投时，搜索广告可能会出现在搜索直达区及搜索结果页两个位置

**a)**  **直达区及结果页体验链路**

![1体验链路.png](https://bbx-pic.gtimg.com/bbx/pictures/2021/132_20210304182114_767471.png)

 

 

 

**b)**  **直达区及结果页广告位示例**

  

 

 

 

 ![2搜索广告位.png](https://bbx-pic.gtimg.com/bbx/pictures/2021/132_20210304182120_712267.png)
 

 

 

 

 

 

 

 

 

 

 

 

 

 

 

 

**二、** **搜索广告产品能力简介**

**a)**  **广告类型**

目前搜索广告支持 

①  常规展示广告

②  动态商品广告

**b)**  **形态样式**

目前搜索广告支持六种广告创意形态：分别为搜索直达、应用分发、横板小图、横板视频、横板三小图、横板大图

![3搜索形态样式.png](https://bbx-pic.gtimg.com/bbx/pictures/2021/132_20210304182123_243084.png)
**c)**  **跳转功能**

1. H5页面

2. 应用直达：直跳广告主APP

3. 双链直达：跳H5页面 --- 自动唤起APP

4. 延迟直达：跳APP Store --- 下载APP --- 展示相应页面

**d)**  **定向支持**

1. 人群定向

2. 地域定向

3. 年龄定向

4. 人群包定向

 
# 使用指引
**搜索广告投放指引**

a) 新建推广计划
![4新建广告计划.png](https://bbx-pic.gtimg.com/bbx/pictures/2021/132_20210304182127_602836.png)
 

b)  新建广告
![5创建广告a.png](https://bbx-pic.gtimg.com/bbx/pictures/2021/132_20210304182130_150756.png)
![6创建广告b.png](https://bbx-pic.gtimg.com/bbx/pictures/2021/132_20210304182133_959363.png)

 

 

 

 

 
 

 

c) 广告创意

 

 

 

 ![企业微信截图_1614856644980.png](https://bbx-pic.gtimg.com/bbx/pictures/2021/132_20210304192032_413701.png)",https://e.qq.com/ads/helpcenter/detail?cid=1518&pid=4485,2021-11-04 11:41:17
0,2022年区域房产服务商名单公示,"# 2022年区域房产服务商名单公示
（排名不分先后顺序）

## 安徽省区域房产行业唯一授权服务商
蔚蓝云创(上海)数字科技有限公司

## 北京市区域房产行业唯一授权服务商
网势互联(北京)科技有限公司
## 福建省区域房产行业唯一授权服务商
北京微客联盟信息科技有限公司
## 甘肃省区域房产行业唯一授权服务商
兰州鑫巴达网络科技有限公司
## 广东A区区域房产行业唯一授权服务商
深圳智讯派信息科技有限公司（潮州市、东莞市、河源市、揭阳市、梅州市、汕头市、汕尾市、深圳市）
## 广东B区区域房产行业唯一授权服务商
深圳市联动精准科技有限公司（佛山市、江门市、清远市、韶关市、中山市、珠海市）
## 广东C区区域房产行业唯一授权服务商
广东言和广告有限公司（广州市、惠州市、肇庆市、茂名市、阳江市、湛江市、云浮市）
## 广西壮族自治区区域房产行业唯一授权服务商
北京微客联盟信息科技有限公司
## 贵州省区域房产行业唯一授权服务商
北京微客联盟信息科技有限公司
## 海南省区域房产行业唯一授权服务商
海南智讯派信息科技有限公司
## 河北省区域房产行业唯一授权服务商
北京微客联盟信息科技有限公司
##  河南省区域房产行业唯一授权服务商
中广娱文传媒有限公司
## 黑龙江省区域房产行业唯一授权服务商
北京微客联盟信息科技有限公司
## 湖北省区域房产行业唯一授权服务商（除武汉市）
武汉联合互赢传媒科技有限公司
## 湖北省武汉市区域房产行业唯一授权服务商
海月昇(武汉)传媒有限公司
## 湖南省区域房产行业唯一授权服务商
上海盟聚信息科技有限公司
## 吉林省区域房产行业唯一授权服务商
吉林省众盟信息科技有限公司

## 江苏A区区域房产行业唯一授权服务商
北京微客联盟信息科技有限公司 （南京市、镇江市、扬州市、泰州市、淮安市、徐州市、连云港市、宿迁市、盐城市）

## 江苏B区区域房产行业唯一授权服务商
苏州市明讯文化传媒有限公司（苏州市、无锡市、常州市、南通市）

## 江西省区域房产行业唯一授权服务商	
江西省安友科技有限公司

## 辽宁省区域房产行业唯一授权服务商
沈阳富邦传媒广告有限公司	
## 内蒙古自治区区域房产行业唯一授权服务商
内蒙古众恩文化传媒有限公司	

## 宁夏回族自治区区域房产行业唯一授权服务商	
兰州鑫巴达网络科技有限公司	

## 青海省区域房产行业唯一授权服务商	
兰州鑫巴达网络科技有限公司	

## 山东A区区域房产行业唯一授权服务商	
深圳市联动精准科技有限公司（济南市、泰安市、济宁市、淄博市、东营市、滨州市）

## 山东B区区域房产行业唯一授权服务商	
山东极迅文化传媒有限公司（青岛市、潍坊市、日照市、临沂市、枣庄市、菏泽市）

## 山东C区区域房产行业唯一授权服务商	
山东龙韵广告有限公司（烟台市、威海市、聊城市、德州市）

## 上海市区域房产行业唯一授权服务商
蔚蓝云创(上海)数字科技有限公司 

## 山西省区域房产行业唯一授权服务商	
北京微客联盟信息科技有限公司	

## 陕西省区域房产行业唯一授权服务商	
上海盟聚信息科技有限公司

## 四川省区域房产行业唯一授权服务商
北京微客联盟信息科技有限公司	

## 天津市区域房产行业唯一授权服务商	
北京微客联盟信息科技有限公司	

## 西藏自治区区域房产行业唯一授权服务商
兰州鑫巴达网络科技有限公司

## 新疆维吾尔自治区区域房产行业唯一授权服务商	
新疆云景网络科技有限公司	

## 云南省区域房产行业唯一授权服务商
北京微客联盟信息科技有限公司

## 浙江A区区域房产行业唯一授权服务商 
深圳市联动精准科技有限公司（杭州市、嘉兴市、湖州市）

## 浙江B区区域房产行业唯一授权服务商 
杭州品效网络科技有限公司（宁波市、绍兴市、金华市、舟山市、温州市、台州市、衢州市、丽水市）

## 重庆市区域房产行业唯一授权服务商	
北京微客联盟信息科技有限公司	

——

注意：

授权牌照查询链接：[https://e.qq.com/ads/helpcenter/detail?cid=542&pid=1988
](https://e.qq.com/ads/helpcenter/detail?cid=542&pid=1988)",https://e.qq.com/ads/helpcenter/detail?cid=524&pid=4240,2022-01-04 17:02:38
0,2022年招商加盟服务商名单公示,"# 2022年招商加盟服务商名单公示
（排名不分先后顺序）
## 1. 广州优捌捌传媒有限公司
![05-2022招商加盟牌照-广州优捌捌传媒有限公司.jpg](https://bbx-pic.gtimg.com/bbx/pictures/2022/195_20220104163025_532458.jpg)
## 2. 贵州易网互联广告有限公司
![06-2022招商加盟牌照-贵州易网互联广告有限公司.jpg](https://bbx-pic.gtimg.com/bbx/pictures/2022/195_20220104163044_906092.jpg)
## 3. 河南鼎言信息技术有限公司
![07-2022招商加盟牌照-河南鼎言信息技术有限公司.jpg](https://bbx-pic.gtimg.com/bbx/pictures/2022/195_20220104163102_937109.jpg)
## 4. 济南易搜信息科技有限公司
![04-2022招商加盟牌照-济南易搜信息科技有限公司.jpg](https://bbx-pic.gtimg.com/bbx/pictures/2022/195_20220104163122_381788.jpg)
## 5. 六安中视联动信息技术有限公司
![02-2022招商加盟牌照-六安中视联动信息技术有限公司.jpg](https://bbx-pic.gtimg.com/bbx/pictures/2022/195_20220104163134_645945.jpg)
## 6. 山东智慧数字技术有限公司
![08-2022招商加盟牌照-山东智慧数字技术有限公司.jpg](https://bbx-pic.gtimg.com/bbx/pictures/2022/195_20220104163151_088784.jpg)
## 7. 上海盟聚信息科技有限公司
![01-2022招商加盟牌照-上海盟聚信息科技有限公司.jpg](https://bbx-pic.gtimg.com/bbx/pictures/2022/195_20220104163206_071396.jpg)
## 8. 武汉招商帮文化传媒有限公司
![3-2022招商加盟牌照-武汉招商帮文化传媒有限公司.jpg](https://bbx-pic.gtimg.com/bbx/pictures/2022/195_20220104163221_633541.jpg)",https://e.qq.com/ads/helpcenter/detail?cid=524&pid=4241,2022-01-04 16:33:05
0,Android应用广告包管理指南,"# 功能介绍
## 关于Android应用广告包
对广告主有apk包自主上传、管理和投放的应用场景，帮助广告主更好的管理和投放自有apk商品，投放端特支持开放android应用推广（广告包）的商品类型投放能力。广告主可以在包管理平台进行渠道包的上传和管理。
## 投放术语
* Android应用（广告包）：投放端新增推广目标选项，可在创建广告时，根据资源配置情况和白名单配置情况，选择该推广目标进行android apk包投放
* Android应用（广告包）管理：广告主自有apk包上传管理平台，可在投放端-资产-Android应用（广告包）管理中使用
* 主线包和渠道包：广告主自有apk文件格式的包文件，可根据投放场景，自行打包主线包和渠道包进行投放，要求除渠道名称不同外，包主体内容必须一致。上传主线包需同时提供主线包名称、描述、图标和包文件；渠道包需在主线包分支上新增和修改
* 应用包ID：apk包上传成功后，系统会生成应用包ID和渠道包ID，用以在投放中使用。包ID可在Android应用（广告包）管理平台中获取和查询


# 使用指引
## 投放流程简介
## APK包上传 - 主线包
路径：eqq投放端--资产--Android应用（广告包）管理
![WX20210309-110941@2x.png](https://bbx-pic.gtimg.com/bbx/pictures/2021/238_20210309111115_163974.png)
进入管理平台后，点击左上角【+添加包】按钮
![image (1).png](https://bbx-pic.gtimg.com/bbx/pictures/2021/238_20210308112048_675017.png)
同意用户协议
![image (2).png](https://bbx-pic.gtimg.com/bbx/pictures/2021/238_20210308112057_314655.png)
1. 输入包信息和上传apk包，成功后点击【提交】，具体信息和包限制如下：
2. app名称：app包名称，限制16个字符以内
3. 行业类型：选择上传包行业类型
4. app描述：app描述信息，限制500个字符以内
5. 图标：app 300*300px 的图标文件，jpg/png格式
6. 应用截图上传：允许最多上传5张应用截图，jpg/png格式，尺寸不限但所有上传图片需保持尺寸一致，文件大小不可超过1M
7. app程序上传：apk包上传，大小在2g以内

![image (3).png](https://bbx-pic.gtimg.com/bbx/pictures/2021/238_20210308112109_564087.png)
上传成功后，可在列表中查看审核状态、详情、修改包信息和新增渠道包
![image (4).png](https://bbx-pic.gtimg.com/bbx/pictures/2021/238_20210308112103_762451.png)

## APK包上传 - 渠道包
点击新增渠道包后，进入渠道包上传页面

### APK方式上传
上传信息如下
1. 渠道包名称：限制16个字符，如需投放微信广告渠道，则渠道包名中需包含微信。（合约自助投放端暂不支持微信渠道，可忽略）
2. APP程序：apk文件，文件MD5不和主线包一致，但包主体功能需和主线包保持一致，否则影响审核结果

![image (5).png](https://bbx-pic.gtimg.com/bbx/pictures/2021/238_20210308112114_205754.png)
### URL方式上传
允许在url上传白名单的广告主，通过url上传的方式，新增和批量新增渠道包：
* 新增渠道包时，广告主可选择url上传方式，可在下方填写和批量新增渠道包名称和渠道包url
* 渠道包url链接上传必须以.apk结尾
* 单次新增渠道包，支持批量新增最多20条渠道包

![image (6).png](https://bbx-pic.gtimg.com/bbx/pictures/2021/238_20210308112120_699192.png)
## APK包管理 - 修改流程
### 一、主线包允许修改如下内容：
1. APP名称
2. 行业类型
3. APP描述
4. 图标
5. APK文件
6. 更新应用信息会触发重新审核

![image (7).png](https://bbx-pic.gtimg.com/bbx/pictures/2021/238_20210308112125_868050.png)
### 二、修改限制：
渠道包仅允许修改apk包体，不允许修改渠道包名，url包上传方式，不允许修改包链接，如链接中的apk包更新，可通过外层和渠道包详情页的“包更新”入口进行更新
![image (8).png](https://bbx-pic.gtimg.com/bbx/pictures/2021/238_20210308112131_753506.png)
## 广告包送审后，审核状态关联操作如下：
1. 新广告投放：仅支持审核通过状态和更新失败但是旧包仍有效的状态才能拉取并投放
2. 关联在线广告：当关联广告的主线包被下线后，广告也同时下线；如更新失败，则用旧包继续播放，不影响广告状态

![image (10).png](https://bbx-pic.gtimg.com/bbx/pictures/2021/238_20210308112143_907974.png)
![企业微信20210308-111925@2x.png](https://bbx-pic.gtimg.com/bbx/pictures/2021/238_20210308112338_680265.png)

# 常见问题
## 常见问题和解决方案（持续更新）
Q：客户包上传长时间loading，不能成功，怎么办？
A：可能客户网络情况不稳定，上行速度过慢，紧急包上传可通过运营平台侧上传

Q：线上包有问题，是否可以删除？
A：目前暂时不支持删除，可重新打包上传或更新现有包

Q：页面提示上传包内容与原包相同？
A：请检查新上传的MD5包是否和存量的MD5重复。如重复，不能成功上传，可联系客服进行重名查询",https://e.qq.com/ads/helpcenter/detail?cid=1511&pid=4492,2021-11-04 11:41:16
