0,认证企业名称命名,"[TOC]
### 一、企业微信认证命名概要介绍
#### 1.全新认证命名说明
（1）企业微信认证时，命名的名称认证成功后，将成为企业微信的企业简称。
（2）支持选择基于公司简称（字号）或机构简称，或基于商标进行命名。
#### 2.全新认证命名原则
（1）需以企业全称，或基于企业简称/商标命名，名称中所涉及地区不可大于工商营业执照上的地域范围。
（2）企业微信认证名称需保证在所在领域具有唯一识别性和客观性，禁止侵权，禁止具有夸大性、广告性和误导性的名称。

#### 3.选择“基于公司简称（字号）或机构简称”命名
若名称包含在企业全称内或不涉及商标名，即可选择“基于企业简称”进行命名。
![](https://wework.qpic.cn/wwpic/434591_BhzxwaYLRl-xpIp_1645064501/0)
温馨提示：
1.帐号名称不得侵犯注册商标专用权，否则，将可能不能通过帐号名称审核，或被权利人进行侵权投诉。
2.帐号名称不得与企业微信平台内已有帐号名称重复，否则，将不能通过帐号名称审核。
3.不得单独以地域名为认证名称（举例：北京、上海、深圳等）。
4.帐号名称在不侵权，不违法，不产生歧义，不违反企业微信平台运营规则，不得与已有企业微信认证名称重复认证简称也可基于相关性命名：
（1）网站（需ICP备案主体一致的企业官网）
（3）企业本身生产或被授权销售的产品（包括软件，实物产品，服务类产品，虚拟产品），需提交企业产品的所有权证明或其他企业授权产品的相关证明，且不侵权，不违法，不产生歧义。

4.选择“基于商标”命名方式
若申请的名称包含商标，请选择商标命名方式。
已注册商标（R商标）：请提供《商标注册证书》；
使用他人注册的商标：需提供商标所有者的《商标授权书》。
温馨提示：
1.只能使用中国商标局注册的商标R商标，不得使用境外注册的商标。
2.使用的R商标必须有效，并有效期范围内。
3.R商标发生转让的，还需提交《核准商标转让证明》。
4.可使用他人授权的R商标，提交商标授权书（商标授权书上有明确的商标注册号、授权人和被授权人的盖章或签字）。
![](https://wework.qpic.cn/wwpic/914277_Q-HyBQnfSXm4BpJ_1645064510/0)

### 二、修改企业简称
未验证、已验证未认证、已认证企业的简称次数以及方式略有不同，具体可查看下述说明：
#### 1.未验证企业修改简称
未验证的企业支持修改一次简称，再次修改则需验证企业通过后修改或通过认证进行修改。
![](https://wework.qpic.cn/wwpic/514372_gTSykSc_Sr6Je3J_1645064519/0)
#### 2.已验证未认证企业修改简称
已验证未认证企业修改简称，修改没有限制次数。
通过验证主体信息的企业，企业修改的简称，要求简称需包含在全称内，当简称但连续在全称内的时候，则提交后会直接通过，不需审核。当简称在全称内，非连续包含，填写简称提交后，对应的简称需进行审核，审核时间3个工作日。
例如：企业全称是ABCD，简称是AB，如果客户修改的简称是ABC或BCD，不需要审核，如果简称是ACD或ABD，则页面会提示需要提交资料进行审核，如果简称是ACE，则页面会提示“简称需包含在全称内”。
![](https://wework.qpic.cn/wwpic/820755_8CqWRp_eQTet4Ww_1645064526/0)
#### 3.已认证企业修改简称
目前认证方式有公众号授权认证和全新认证两种方式。
公众号授权：
若企业有公众号企业公众号主体和企业微信的主体一致的情况下，需要修改的简称如果跟公众号简称一致，那么可以尝试使用公众号授权方式。
由于公众号授权认证企业微信时，对应的公众号简称也有一定的要求，需要满足对应的条件才能授权成功，具体可查看 「“通过微信公众号授权认证”说明」
全新认证：
全新认证企业微信时，修改对应的简称目前有选择「“基于企业简称”命名」和「选择“基于商标”命名方式」这两种，在认证的时候，需要修改的新简称，需满足对应的简称命名规则，才有可能授权成功。
五、修改企业全称
1.企业微信主体可修改情况：
（1）营业执照名称在工商局变更
（2）营业执照更换为多证合一
（3）注册信息与证件不一致（仅支持错漏字）
具体如下：
①主体营业执照公司名称在国家工商局进行修改变更，已获取工商局提供的名称核准通知。（新营业执照注册号需与原验证主体时的营业执照注册号一致）
举例说明：帐号注册时使用 “深圳市腾讯计算机系统有限公司”，现在工商局变更名称为“腾讯计算机系统有限公司”，营业执照注册号不变，并能提供名称核准通知。
②主体营业执照按照国家要求更换多证合一，并且能提供工商局出具多证合一证明文件。
举例说明：帐号注册时使用：深圳市腾讯计算机系统有限公司，营业执照注册号为：123456，现在工商局进行多证合一的变更，证件号码变更为：XX123456，并可以提供多证合一变更证明。
③注册信息与证件不一致（仅支持错漏字）
举例说明：主体名为：A123有限公司在申请公众帐号时，主体名称误输入为：a123，主体信息填写有错别字或漏字。
④原主体为个体工商户，现在工商局申请升级为公司，并能提供《个体工商户升级为企业的证明》。
举例说明：注册帐号时使用A123的个体户营业执照，现在在工商局将A123的个体工商户升级为A123有限公司。
⑤政府类型主体因为行政区划变更导致的主体名称变更
举例说明：深圳市龙华新区税务局变更为深圳市龙华区税务局。
⑥非企业类型机构（政府、媒体、其他组织类型等）主体名称发生变更，有相关主管部门出具的关于机构名称变更批复文件或证明文件。
举例说明：注册帐号时机构名称叫A123，后来因为机构改制或其他原因更名为A124。
2.企业微信主体不可修改情况：
（1）A公司注册需转给B公司运营及认证使用
（2）主体已在工商局注销
（3）主体为子公司，需将帐号转交至母公司统一管理
具体如下：
①A公司注册需转给B公司运营及认证使用
举例说明： A公司营业执照进行完成注册审核公众帐号：A123，现在A公司想将A123这个帐号转给B公司进行运营使用，B公司想要用自己的单位资料对A123进行认证年审。
②主体已在工商局进行注销，并在工商局重新注册新的公司
举例说明：原帐号主体主体A123在工商局申请注销，重新注册了公司：B123，两个公司的营业执照注册号不一致，这情况下主体不能进行修改同步。
③公众帐号申请主体为子公司，现需要将帐号转交至母公司统一管理
举例说明：帐号主体为a123，是集团公司分公司名下帐号，现在集团公司A123要求收回帐号统一管理运营，两家公司虽为子母关系，但营业执照注册号不一致并不是同一主体，主体不能进行修改同步。",https://open.work.weixin.qq.com/help2/pc/16652/14500
0,企业客户标签,"[TOC]
### 1.客户标签的作用
企业客户标签分为
1）超级管理员设置的企业标签 ；2）一级业务负责人设置的规则组标签
超级管理员可以在管理端或手机端添加 “企业标签” ，以便企业成员给添加的客户打上企业标签，方便分类查看。
一级业务负责人可以在手机端添加 “规则组标签” ，以便管理规则范围内的成员给其添加的客户打标签的时候使用#### 2.客户标签的上限
每个企业的企业客户标签上限为3000个（包含企业标签和规则组标签合计数）。
标签组数目上限100组，每个组里面限制100个标签。
标签名称支持15个字符。
### 3.客户标签的添加入口
管理支持在管理后台和手机端设置标签，业务负责人支持在手机端设置标签。
管理后台->客户联系->企业客户标签；
手机端->客户联系->配置->企业客户标签。
### 4.客户标签的支持排序
管理在编辑企业标签时可对企业标签进行排序
![](https://wework.qpic.cn/wwpic/563228_655ckTNXSf6jxyQ_1644804809/0)
### 5.规则组标签
（1）配置规则组标签
①企业的超级管理员按照企业的各条业务线设置一级管理规则。
![](https://wework.qpic.cn/wwpic/816310_K1eTrdYlQReAj_q_1644804833/0)
②一级业务负责人在「工作台-企业客户标签」中为当前的业务线配置规则组标签，该管理规则下的管理范围内的成员可使用。
![](https://wework.qpic.cn/wwpic/328512_aAe4woNSR92DGgh_1644804865/0)
③管理规则范围内的成员在给客户打标签的时候，可以选择规则组标签使用。
![](https://wework.qpic.cn/wwpic/779494_nnDjgUpNS5qrGf5_1644804937/0)
（2）管理规则组标签
如需往规则组新增标签，可使用企业内部[API接口](https://developer.work.weixin.qq.com/document/path/94882 ""API接口"")进行调用。
一级业务负责人可以直接在手机端新增、查看、修改、删除规则组标签。
（3）管理规则组标签常见问题
Q1.为什么在企业客户标签中找不到配置规则组标签的入口？
①请确认操作人是一级业务负责人。
②请确认超级管理员在「管理规则 - 管理权限」中已经开启「配置企业客户标签」的权限开关。
Q2.为什么成员在给客户打标签时，看不到规则组标签？
请确认成员在该规则组标签对应的管理规则的管理范围内。
路径：工作台 - 客户联系 - 配置 - 管理规则 -管理范围。
Q3.为什么成员在标签筛选的时候无法筛选出规则组标签？
如果成员曾经在管理规则A的管理范围，后续转移到管理规则B的管理范围，则在标签筛选的时候，只能按照成员当前所在规则组B的标签进行筛选。",https://open.work.weixin.qq.com/help2/pc/16652/14501
0,打卡管理手册,"若有其他使用问题，可参考[打卡管理手册](https://open.work.weixin.qq.com/wwopen/manual/detail?t=attendance ""打卡使用手册"")。",https://open.work.weixin.qq.com/help2/pc/16652/14502
0, 设置审批抄送人,"登录管理后台，点击【应用管理】->【审批】->【添加模板】/【已有的审批模板】->【规则设置】->【审批流程】->【设置】->点击【抄送人】或者点击+号添加抄送人，即可设置。
若管理员未勾选“提交申请时，员工不可修改固定抄送人”；或者在审批流程中添加了“申请人自选”的流程，则成员在申请审批时可手动添加抄送人。
1.指定范围
选择指定的成员或者标签，将在流程流转到此节点时抄送给这些人。
2.指定上级
指定一个层级的上级，将在流程流转到此节点时抄送给申请人对应的上级。
从下至上：即从申请人直接上级开始，从下级部门往上级部门计算，第三级上级级别高于第二级上级。
从上至下：即从申请人的最高层上级开始，从最高上级往下级部门计算，第二层上级级别高于第三层上级。
3.申请人自选
申请人可以在管理员设置的基础上，自行添加抄送人，将在流程流转到此节点时抄送给这些人。
4.抄送给申请人本人
在流程流转到此节点时抄送给申请人本人。

![](https://wework.qpic.cn/wwpic/935164_ZO7T92U5Rumuv-L_1592453328/0)
![](https://wework.qpic.cn/wwpic/285064_EcHq4OVhTnmkUJ7_1592454082/0)",https://open.work.weixin.qq.com/help2/pc/16652/14503
0,收不到消息提醒,"[TOC]
### 1.手机端收不到消息提醒，可能是以下原因导致
企业微信内，【接受新消息通知】不为开启状态
企业微信电脑端登录时，手机端【手机始终接收通知】不为开启状态
企业微信开启了【休息一下】状态
企业微信开启了【重要联系人消息通知】，仅接收重要联系人消息提醒
系统设置中，企业微信【允许通知】不为开启状态
系统设置中，声音提醒未开启
系统设置为静音
### 2.Android 系统手机收不到消息提醒，还需检查：
系统设置中，【企业微信-允许通知-是否设为重要】是否设置为【重要】
系统设置中，【锁屏后通知】相关开关，是否设置为锁屏后通知
系统设置中如果有通知过滤规则，需将企业微信的通知过滤规则设置为【重要】
后台设置中，网络是否可用。
如果手机在后台运行、锁屏状态、未运行状态时无法收到提醒，需检查【自启动设置】。可参考《安卓手机消息提醒设置》。
### 3.手机消息提醒设置：
安卓手机消息提醒设置：
[小米](https://app.work.weixin.qq.com/wework_admin/active_guide_setting?device=xiaomi&type=keepalive ""小米"")
[魅族](https://app.work.weixin.qq.com/wework_admin/active_guide_setting?device=meizu&type=keepalive ""魅族"")
[华为](https://app.work.weixin.qq.com/wework_admin/active_guide_setting?device=huawei&type=keepalive ""华为"")
[三星](https://app.work.weixin.qq.com/wework_admin/active_guide_setting?device=samsung&type=keepalive ""三星"")
[VIVO](https://app.work.weixin.qq.com/wework_admin/active_guide_setting?device=vivo&type=keepalive ""VIVO"")
[OPPO](https://app.work.weixin.qq.com/wework_admin/active_guide_setting?device=oppo&type=keepalive ""OPPO"")
iOS 系统手机提醒设置：
需前往【设置-企业微信-通知】处查看
### 4.电脑端收不到消息提醒
1.可能“接收新消息通知”功能处于关闭状态；
2.若设置了“仅接收特别提醒的消息”，那么只会收到特别提醒的消息提醒，其他联系人发送的消息不会提醒；
3.“休息一下”状态下，收到新消息不会提醒。
![](https://wework.qpic.cn/wwpic/943979_ZYdMbUXOSr6uaD-_1644465133/0)",https://open.work.weixin.qq.com/help2/pc/16652/14504
0,实名认证,"[TOC]
### 1.实名指引
企业微信支持中国大陆以及港澳台及海外地区的用户进行实名认证。目前有两种方式可以实名认证。
1.如果你微信进行了实名认证，则绑定微信后，自动同步实名信息。
2.如果你微信未实名认证，你可以通过活体认证的方式进行实名认证。（活体认证仅支持中国大陆用户）
3.如果以上两种方式都无法完成，则最后可通过提交身份证等资料进行人工审核实名认证。
### 2.修改实名
目前企业微信实名后，暂不支持修改，在操作实名的时候建议根据个人真实情况进行实名。
### 3.设置不显示实名
可以在手机版企业微信—我—对外名片—右上角编辑名片—点击对外信息—在“名字显示”中切换为别名—保存之后点击完成即可；
设置好之后，外部人员看见的个人信息中会优先展示别名信息，实名字段中会展示最后一个字；
例如下图2的“王小明”，外部人员查看他的个人信息，顶端的名字栏优先展示了别名“wangxiaoming”，在实名一列展示“**明”。
![](https://wework.qpic.cn/wwpic/107305_PX5VS1MJRFm8lzT_1644320916/0)
![](https://wework.qpic.cn/wwpic/218863_AHY_esogRTaxTdj_1644320993/0)",https://open.work.weixin.qq.com/help2/pc/16652/14505
0,电脑端登录相关问题,"[TOC]
### 1.下载与登录
打开[官网](https://work.weixin.qq.com/ ""官网"")选择下载即可下载Windows桌面端、Mac桌面端版的企业微信。
下载安装企业微信后，打开企业微信，电脑端企业微信需要使用手机端企业微信app扫一扫进行登录。
![](https://wework.qpic.cn/wwpic/152241_985YZVFMRKGYWaE_1643098638/0)
系统版本要求：
Windows：需win7或以上的系统。
MAC：需要os x 10.11或以上。
###2.公司内部网访问企业微信
企业微信是saas服务，公司内部办公PC在网络不能直接访问公网的情况下，要使用企业微信，目前只能通过代理的方式。具体方案是企业自行部署代理，并且开通代理机器访问企业微信所有服务器IP和端口权限（最新IP端口列表），然后内部办公PC配置代理访问。
[点击这里获取最新的IP和端口列表](https://res.mail.qq.com/zh_CN/wework_ip/latest.html ""点击这里获取最新的IP和端口列表"")
### 3.设置代理
（1）windows版本设置代理
在登录界面—右下角设置—即可进行设置代理
![](https://wework.qpic.cn/wwpic/888113_RqiVqStjQ3GgdUj_1643099447/0)
（2）mac版本设置代理
在登录界面—顶部菜单—网络设置即可进行设置
![](https://wework.qpic.cn/wwpic/998669_O7IwcZbWTeqxGAd_1643099498/0)

",https://open.work.weixin.qq.com/help2/pc/16652/14506
0,使用健康上报,"[TOC]
### 一、创建健康上报
【新建上报】：手机进入企业微信工作台-健康上报，第一次进入点击+号新建一个上报。接着进行内容编辑和上报设置，即先编辑上报名称和问题，接着下一步设置填写上报范围、上报给谁以及上报方式，同时可选择提醒员工上报并设置提醒时间，即完成创建开始收集。
![](https://wework.qpic.cn/wwpic/880966_pwIUysenSnyNa2i_1644478431/0)
### 二、支持添加的控件
【支持的控件】：单选、多选、填空、地理位置、日期、收集文件/图片
![](https://wework.qpic.cn/wwpic/600462_6LzR8quEQfu7bqS_1644478449/0)
### 三、查看健康上报的数据
1.【查看上报统计】：上报填写通知下发后，即可实时查看员工的填写统计数据。在工作台-健康上报-统计里，选择需要查看的上报主题，点击进入，即可查看该上报的数据统计情况，在「数据统计﻿」右侧可切换日期查看。同时，还可在左下角点击「转发」继续督促未填写的员工上报，在右下角「查看﻿上报明细」中了解每个员工的填写内容。
![](https://wework.qpic.cn/wwpic/308001_zbkTbfhCQVGs8Ot_1644478496/0)
2.【导出上报记录】：可在客户端—工作台—健康上报—统计—查看上报明细进行导出，导出后可以点击查看导出结果；后续也可以通过微文档查看已导出的上报明细。
### 四、修改上报模板
新建了上报模版后，创建者可以在健康上报-统计页面点击对应的收集上报，点击右上角可以重新编辑上报问题和修改上报设置。
![](https://wework.qpic.cn/wwpic/379022_1CSyGcTJTQGvE0X_1644478513/0)
### 五、停止上报
可在客户端—工作台—健康上报—统计—点击需要结束的上报—右上方—结束上报
### 六、删除上报
暂不支持删除，可以联系管理员或上报的创建者结束上报。",https://open.work.weixin.qq.com/help2/pc/16652/14507
0,设置/更换企业微信管理员,"[TOC]
### 1.管理员设置入口
1）登录管理后台，点击【我的企业】->【权限管理】->【添加】；
2）从企业通讯录里选择管理员，并设置其管理角色，以及其管理范围及相应的权限，点击确定即可。
![](https://wework.qpic.cn/wwpic/309887_zeowfI5zRxW-pRw_1644312201/0)
### 2.管理员权限说明
可给分级管理员设置管理范围、通讯录权限、应用权限、设备管理权限。
管理范围：为管理员在进行管理操作时，所能影响到的成员范围。对管理员权限的设置均不得超出管理范围。支持设置""特定部门""和""管理员所在部门及下级部门""。
![](https://wework.qpic.cn/wwpic/409136_CQZR8b7LQ7qR9KD_1644312228/0)
通讯录权限：在“管理范围”内设置可管理通讯录的范围，是“管理范围”的子集。管理员可查看或管理、在其通讯录权限范围内成员的通讯录信息。
应用管理权限：支持设置“创建应用与小程序”权限、以及基础应用、自建应用和第三方应用等的管理权限，如：公费电话、企业支付、公告、打卡、审批、汇报、投屏、门禁、对外收款、健康上报、微盘、自建应用、第三方应用等的管理权限。
![](https://wework.qpic.cn/wwpic/788580_LYalvke9RUW2g1z_1644312562/0)
设备管理权限：指可对硬件设备进行管理的权限。
### 3.管理组
管理组是指企业对管理员的分组管理，可以预先设置好部分管理组，在设置分级管理员的时候，可以选择对应管理组，管理员会默认拥有该管理组的权限，这样就不需要重复为管理员设置对应管理权限。
子管理组的权限可以等于或小于父管理组权限，管理组支持5个层级。
![](https://wework.qpic.cn/wwpic/173512_jQStERVeQX-JI9M_1644312695/0)
",https://open.work.weixin.qq.com/help2/pc/16652/14508
0,得力3960WX 使用指南,"![](https://wework.qpic.cn/wwpic/265690_K6Ht0HUxSYmVd1p_1638353900/0)
参数
指纹容量	1000枚
记录容量	10万条
通讯方式	 WIFI

**考勤机操作-联网**
1、考勤机菜单MENU-【网络设置】>【扫描网络】选择可用网络输入密码连接；
1.1自动分配IP地址：【网络设置】>【动态IP分配】选择【是】
1.2手动配置IP地址：【网络设置】>【动态IP分配】选择【否】，手动输入IP地址、子网掩码、网关、DNS
（考勤机仅支持连接2.4GHZ网络频率，不支持连接需要网页验证的网络）

**考勤机操作-管理设备**
考勤机菜单MENU-【高级设置】>【机器设置】
1、音量调节：对机器的音量进行调节，范围为 0-7，可按数字键直接编辑。系统默认为 5。
2、重复考勤无效时间：可编辑 1-255 分钟，0 显示的是“否”。如果设置为 5 分钟，说明在 5 分钟内重复考勤无效。系统默认为 0 分钟（设置之后该时间内的打卡不会被记录）
3、采集仪校正：对采集仪进行校正。
4、修改管理密码：（绑定企业微信后才可修改，首次使用设备默认设备密码为：123456）
设置密码后进入菜单需要输入密码 或 在手机端设备显示已连接状态有管理权限的管理员扫描设备二维码验证才能进入考勤机菜单。
![](https://wework.qpic.cn/wwpic/177209_BoYuVPTLRnKM0TJ_1638355368/0)

**手机端操作-绑定设备**
设备联网后打开企业微信扫一扫考勤机显示屏的二维码，添加可用范围人员之后操作绑定设备使用；
可用范围人员指允许在此台设备打卡的人员，需要在此台设备打卡的人员则添加到此台设备可用范围内
![](https://wework.qpic.cn/wwpic/85284_E_4BxWzTStuuXLR_1638355589/0)
**考勤机状态**
![](https://wework.qpic.cn/wwpic/648442_05mcRIEzRRyImy7_1638440271/0)

**手机端操作-录入指纹**
1、管理员操作录入-在设备录入
设置入口： 【手机端】>【工作台】>【管理企业】>【设备管理】>【设备详情】>【指纹信息】

在设备详情显示已连接状态下管理员在手机端操作；选择成员录入，在考勤机上根据提示录入指纹：同一个手指按放 3 次，等显示“指纹登记成功”后界面自动跳回，每个员工最多可登记 3 个指纹，按OK键继续登记第二个指纹，不需要则按ESC退出。
如需重新录入或录入完成后需录入第二个指纹，需先操作移除指纹再录入；

2、员工录入-在设备录入
设置入口： 【手机端】>【工作台】>【管理企业】>【设备管理】>【设备详情】>【员工录入】开启自助录入开关
开启自助录入后企业成员可自行使用企业微信扫一扫设备上的二维码，根据考勤机提示操作录入指纹；.
![](https://wework.qpic.cn/wwpic/138714_wF80EakiSQOL2VC_1638356774/0)
开启自助录入后的设备显示
![](https://wework.qpic.cn/wwpic/769919_IU9RW2QYS9uUsjW_1638356720/0)

**手机端操作-管理设备**
绑定智慧硬件后，超级管理员和具有硬件管理权限的分级管理员，可在移动端和管理后台查看和管理设备。
移动端设置入口：【移动端】>【工作台】>【管理企业>【设备管理】
管理端设置入口：【管理后台】>【管理工具】>【设备管理】
1 / 备注名称
用于区分不同设备，也会显示在与设备相关的应用当中。
2 / 升级固件
当智慧硬件的固件有新版本时，可在此更新；建议尽可能使用最新版的硬件固件，以修复历史缺陷、体验新功能。
3 / 关于此设备
了解设备名称、型号、SN编码、品牌、制造商、官网等信息，也可在此联系设备供应商客服。
4 / 移除此设备
移除后，设备将会与企业解绑，设备内的成员身份信息将被抹除，但不影响使用企业内其他包含身份信息的硬件。
",https://open.work.weixin.qq.com/help2/pc/16652/14509
0,家长加入班级群,"1、 班级群老师或家长获取班级群二维码发送给对应家长扫码进群。
![](https://wework.qpic.cn/wwpic/689483_GQd7glffRhKs05a_1644571928/0)
2.老师若能在微信侧和家长沟通的情况，可选择“邀请微信家长进群“，点击后，会在微信会话中发送班级群二维码，家长可扫码进群。
![](https://wework.qpic.cn/wwpic/152657_gv0jqLFgQIa2JKE_1644571937/0)
3.为加入对应班级群的家长可以在【家校通知->联系老师】选择进入对应的班级群，点击【进入】后页面会出现班级群二维码。
![](https://wework.qpic.cn/wwpic/722292_zPUjHnHHTZaiqWG_1644571943/0)",https://open.work.weixin.qq.com/help2/pc/16652/14510
0,违规场景及处罚规则,"#### 说明
- 企业微信用户在使用企业微信时，需遵守[《腾讯企业微信软件许可及服务协议》](http://work.weixin.qq.com/nl/eula ""《腾讯企业微信软件许可及服务协议》"")、[《企业微信用户帐号使用规范》](http://work.weixin.qq.com/nl/norm ""《企业微信使用规范》"")等。本内容旨在帮助企业微信用户更加清晰地理解和遵守相关协议和规范，以便能够更加顺利地使用企业微信，而不是修改或变更上述协议及规范中的任何条款。
- 本内容为动态文档，我们有权根据相关法律法规更新或产品运营的需要对其内容进行修改并更新。
- 本内容介绍三种处罚规则，包括不同违规行为对应的处罚措施，以及常见问题解答。违规行为包括但不限于以下所列举行为。


## 处罚规则一
 ### **处罚措施**
>  **阶梯式处罚该成员帐号：**
- 首次违规将短期禁止使用互通功能，本企业管理员可申请解封
- 再次违规将短期禁止使用互通功能，且不可申请解封
- 第三次违规将永久禁止使用互通功能
**注：**但若已造成恶劣影响，不论违规次数，直接封禁成员帐号，甚至封禁企业帐号及管理员帐号。

###**对应违规行为**
- **发送骚扰类内容**
包括但不限于对用户造成骚扰的内容，如频繁给用户发送广告营销信息，引起用户投诉、拉黑等

- **发送诱导分享类内容**
包括但不限于使用奖励、使用夸张和诅咒性质言语来胁迫、引诱客户分享内容到朋友圈等

- **恶意添加外部联系人**
包括但不限于滥用互通功能，恶意添加外部联系人，对外部联系人造成骚扰、引起投诉等。

## 处罚规则二
 ### **处罚措施**
> - 绑定该微信的企业微信成员帐号将被禁止使用互通相关功能（其他功能不影响），直到对应的微信帐号解封，解封后企业微信帐号会在24小时内自动解封。
- 但若影响恶劣，不排除将直接封号，甚至封禁管理员帐号以及企业帐号

###**对应违规行为**
- **违反《微信个人帐号使用规范》并被限制登录微信帐号**
在利用企业微信与微信互通功能实现与外部联系人的交流过程中，绑定在企业微信对应的微信帐号，违反了《微信个人帐号使用规范》并被限制登录


## 处罚规则三
 ###** 处罚措施**：
> - 永久封禁该成员帐号。
- 但若影响恶劣，不排除同时封禁管理员帐号以及企业帐号

 ###**对应违规行为**

- **使用外挂**
未经腾讯许可使用插件、外挂或其他第三方工具、服务接入本软件和相关系统，包括但不限于使用外挂进行多开、批量自动加好友、规避企业微信对于消息群发次数的限制等。

- **恶意注册**
恶意注册使用企业微信帐号，包括但不限于频繁注册、批量注册、滥用多个企业微信帐号、盗用和伪造他人身份信息进行注册、买卖企业微信帐号

- **帐号信息违规违法**
帐号名称、头像和简介等信息中出现违法和不良信息，以及出现侵犯他人的合法权益（包括但不限于商标权、名誉权以及肖像权等），如冒充他人、擅自使用他人姓名、肖像

- **发送网络刷单类内容**
包括但不限于发送内容引导用户进行虚构交易、刷虚假好评和销量；以及引导用户进行恶意刷单，诽谤竞争对手或故意给予好评，制造同行竞争者自己刷单的假象，从而致其被电商平台认定为从事虚假交易而受到信誉降级处罚。

- **发送危害企业微信安全类内容**
包括但不限于发送或传播钓鱼网站等信息，诱使用户上当受骗蒙受损失；以及发送可能对企业微信的正常运行造成损害或中断的病毒、文件、计算机代码或程序。

- **发送侵权类内容**
包括但不限于发送侵犯他人知识产权、隐私权、名誉权的内容，如非法泄露他人联系方式等隐私内容、侮辱诽谤他人

- **发送色情内容**
包括但不限于发送情色视频和图片、招嫖、寻找一夜情等涉黄内容

- **发送暴力违法内容**
包括但不限于发送或传播人或动物自虐、自残、自杀、被杀、致残以及枪击、刺伤、拷打等令人不适的内容的，以及发送销售仿真枪、弓箭、管制刀具、气枪等含有杀伤力武器内容

- **发送赌博类内容**
包括但不限于发送组织聚众赌博、出售赌博器具、传授赌博（千术）技巧、方式、方法等内容、进行博彩活动等。

- **发送涉黑涉恐类内容**
包括但不限于发送或传播替人复仇、收账等具有黑社会性质的信息；雇佣、引诱他人从事恐怖、暴力等活动；拉帮结派，招募成员，对社会秩序构成潜在危害的内容。

- **发送非法物品类内容**
包括但不限于买卖发票；出售假烟、假币、赃物、走私物品；违法办证刻章、代办身份证、信用卡、办理手机复制卡等信息；交易人体器官等内容。

- **发送欺诈信息类内容**
包括但不限于类似广告形式的欺诈信息，如明显虚假夸大使用效果的保健食品及其他假冒伪劣商品等内容；以及类似传销形式的欺诈信息、以获取他人个人信息和数据为目的欺诈信息、以骗取钱财为目的欺诈信息等

- **发送不实信息类内容**
指没有相应事实基础，通过捏造或扭曲事实、隐瞒真相而产生的信息。包括但不限于涉及反对宪法确定的基本原则、社会主义制度、危害国家统一、主权和领土完整、泄露国家秘密、危害国家安全或者损害国家荣誉和利益等政治类不实信息；宣扬邪教和封建迷信的不实信息等

- **发送其他违法违规内容**
包括但不限于发送或传播其他违反国家法律、行政法规、部门规章、地方性法规等规范性文件的内容

**附：**
详细的内容规范，可查看[《企业微信用户帐号使用规范》](https://work.weixin.qq.com/nl/norm ""《企业微信用户帐号使用规范》"")

## 常见问题
####    ** 1. 一个企业微信帐号一天能加多少外部联系人？**
我们倡导企业使用企业微信添加自己真实的客户并服务客户，而不是使用各种方式进行大规模营销吸粉和转化，特别是涉及诱导、欺诈等。基于此，员工帐号和整个企业微信帐号，都有添加外部联系人数量、频率的限制。
但企业微信也会尽量满足不同企业的合理需求，故具体限制不同企业可能有所不同，并非固定值，与企业的具体使用情况有关，包括但不限于：
- 企业的主体信息完善度。如：企业主体的验证/认证情况。
- 企业使用情况。如：成员是否加入企业，成员使用企业微信和同事沟通日常工作的情况，添加客户为好友后是否及时回复客户咨询、提供服务等。
- 历史微信客户的历史反馈情况。如：被客户拉黑、删除、投诉的情况等。
- 企业是否符合上文提及的使用规范。

总的来说，企业遵守规范，合理活跃使用，这个上限值会高一些。

另外建议企业：
- 如果在短时间需要添加比较多客户，可优先考虑使用“多人联系我二维码”，避免短时间很多客户添加到一个帐号里。
- 谨慎进行大规模主动添加客户的微信，比如集中通过手机号在线搜索添加客户，给微信客户造成骚扰。


####    ** 2. 企业里有员工帐号被封禁，会影响整个企业吗？**
会根据影响恶劣程度以及企业的实际使用情况进行处理，详细可参考上文的违规处罚规则。
注：根据平台实际运行数据，极少出现因为个别成员的使用问题导致整个企业的企业微信帐号被封禁。

####    ** 3. 如果企业遇到帐号被误封误限了，能怎样处理？**
**如果企业及员工确认自身实际使用并没有违规，**可以这样处理：
- 如果只是内部员工帐号触发阶段处罚（非永久封号），可以根据具体页面指引进行申诉和解封；
- 如果是整个企业被封需要申诉和解封，可以准备好企业的相关资质文件（包括营业执照、法人身份证以及法人手持身份证、企业盖章授权书等信息），通过企业微信官方公众号（公众号名称：企业微信） 联系在线客服进行申诉。",https://open.work.weixin.qq.com/help2/pc/16652/14511
0,联系客户统计常见问题,"[TOC]
###一、客户统计数据更新时机与跨天计算

####1、客户统计数据多久更新一次？
每晚12:00更新，且每个自然日的数据更新后不会被改变。例如首日张三添加了3个客户，但是隔日删除了这3个客户，则首日的「新增客户数」仍为“3”；首日内张三添加了3个客户，但立即删除了这3个客户，则首日的“新增客户数”为“0”，因为当晚12:00才进行统计。

####2、客户统计中多天的数据如何计算？
「发起申请数」、「新增客户数」、「单聊总数」、「发送消息数」、「发送红包数」、「发送红包金额」、「删除/拉黑成员的客户数」的多天数据，为每天数据的加和。

「已回复聊天占比」的多天数据计算方式：若m个成员在n日内，一共有x个客户主动发起会话，其中在当天回复的会话一共有y个。则这m个成员在n日内的已回复聊天占比为：y/x。

「平均首次回复时长」的多天数据计算方式：若m个成员在n日内，一共有回复过x个会话，其中x个会话的首次回复时长总和为y，则这m个成员在n日内的平均首次回复时长为：y/x。


###二、客户统计的数据覆盖范围与统计方法

####1、客户统计中，和谁沟通的数据会被计入？
数据被纳入统计的前提，是对方为成员的客户。例如成员删除了客户、成员的客户被离职继承了、对方是成员的外部联系人，则成员与其沟通所产生的数据不会被纳入统计。

####2、客户统计的统计是基于关系链还是客户？
统计基于成员与客户之间的关系链进行计算。例如3个服务人员添加了同一个客户，则「新增客户数」为“3”。

####3、客户统计中，哪些消息类型会被计入？
常规的文本、图片、视频、链接、小程序消息会被纳入，系统消息及语音通话、入群邀请、被删除后的客户消息不会被纳入。

####4、客户统计中，成员离职或调岗后数据如何计算？
成员调岗后，其调岗之前产生的历史数据会跟随成员。例如张三从销售部调入了市场部，则张三的历史及新数据，会计入市场部。
成员离职后，其离职之前产生的历史数据不会被清除，例如市场部下的张三离职了，市场部的历史数据不会减少。

",https://open.work.weixin.qq.com/help2/pc/16652/14512
0,搜索添加好友,"[TOC]
### 1.企业微信侧添加外部好友入口
（1）手机端->通讯录->外部联系人->添加->搜索手机号添加，可支持通过邮箱号搜索添加企业微信用户（微信侧暂不支持通过邮箱号搜索添加企业微信用户）。
![](https://wework.qpic.cn/wwpic/460927_2aC0bxY-SrWQlP0_1644404760/0)
（2）手机端->消息页面->右上角+->搜索手机号添加，支持搜索企业微信好友和微信好友。
![](https://wework.qpic.cn/wwpic/774441_3UEiZX9HSeGU326_1644404783/0)
（3）电脑端，进入“通讯录->外部联系人/我的客户”，点击“添加”，可支持通过邮箱号搜索添加企业微信用户（微信侧暂不支持通过邮箱号搜索添加企业微信用户）。
![](https://wework.qpic.cn/wwpic/784827_di2zYpajRvqwdr4_1644404819/0)
### 2.可被搜索添加外部好友的条件
（1） 目标好友的微信或企业微信需要有绑定手机号。
（2） 目标好友企业需有开启主企业按钮（我-设置-隐私-允许别人找到当前企业身份）
3.打招呼内容相关
发送好友申请时会默认打招呼内容，默认文案是“我是XX的XX，添加我的企业微信与我联系吧”，文案支持修改。打招呼内容支持50个字
修改后，若是通过手机号搜索添加，会默认上一次修改的内容。
特殊情况：通过从微信好友中添加，选择添加微信联系人则不会保存修改后的文案，仍会显示默认文案。选择添加企业微信联系人，会保存修改后的文案。
![](https://wework.qpic.cn/wwpic/256646_4Ed7wwOVQ-mv-ut_1644404859/0)
### 4.通过手机号搜索添加微信好友
通过手机号搜索添加微信好友微信好友侧会在服务通知收到好友申请，需要扫码通过好友申请确认。
### 5.微信侧搜索企业微信联系人
微信通讯录-右上角->企业微信联系人->输入手机号搜索
![](https://wework.qpic.cn/wwpic/931437_H6IBvAuPSQ6dNN7_1644404884/0)
",https://open.work.weixin.qq.com/help2/pc/16652/14514
0,企业微信消息可以转发到微信中吗？,"可以。长按要转发的消息，点击【多选】，再点击页面左下方的转发功能键，选择【转发到微信】即可。
![](http://p.qpic.cn/pic_wework/2526402399/797fae75bb21c16d90565c5303bafacd74683a8914392cec/0)",https://open.work.weixin.qq.com/help2/pc/16652/14515
0,如何使用“迁移微信中的学员群”？,"####一、如何使用
1. 企业微信是 3.1.10 及以上版本
2. 微信更新到了最新版本（iOS 7.0.14以上，安卓7.0.16以上）
3. 企业微信绑定了微信
4. 企业微信和微信当前登录的微信是一致的
5. 行业为「教育-培训机构」行业

![](https://wework.qpic.cn/wwpic/622499_aTYmSoJaR2GLpyi_1626971635/0)

####二、可以迁移哪些群？
可以迁移用户自己是群主的所有微信群。

####三、我双开微信，跳去微信报错怎么办？
重新登录微信帐号，确保跳转的微信登录的是企业微信绑定的微信帐号。

####四、迁移群有哪些限制？
整个企业可以迁移的微信群数，是使用企业微信人数的 10 倍。

####五、学员需要下载企业微信么？
不需要。迁移群后，学员留在微信上即可和企业微信上的工作人员消息互通。
####六、如何避免两个 APP 的消息重复打扰？
升级后，由于你的微信帐号和企业微信帐号同时在群内，所以会出现两个APP重复接收消息的情况，建议将自己的微信号移出群聊。（具体步骤：群成员-右上角三个点-移出成员）
####七、如何恢复在微信上管理该群？
如果想要恢复群主为自己的微信号，你可以在企业微信的学员群中，点击「右上角-群管理-转让群主」，将群主转让回给自己的微信。 这样就可以继续在微信上以群主身份进行管理了。
",https://open.work.weixin.qq.com/help2/pc/16652/14516
0,如何使用客户朋友圈？,"[TOC]
### 1.客户朋友圈发送入口
可通过【工作台】->【朋友圈】-> 【发表】将活动信息、产品动态、专业知识等内容发表到客户的微信朋友圈，并与客户评论互动。
![](https://wework.qpic.cn/wwpic/96913_opbTe048QgqHqyh_1626234295/0)
### 2.成员使用客户朋友圈
具有客户朋友圈使用权限的成员，可在工作台上看到客户朋友圈的入口。成员编辑好内容后、可按标签选择要展示的客户，发表后，客户即可在微信朋友圈中查看、还可以点赞和评论成员发表的内容。
![](https://wework.qpic.cn/wwpic/165437_-3dMbe3RRRiTsn8_1626234308/0)
### 3.企业管理客户朋友圈
企业也可以统一创建内容，选择要展示的客户，成员确认后可将内容发表到客户的微信朋友圈；同时企业还可查看成员发表的内容，进行监管。
![](https://wework.qpic.cn/wwpic/624985_ub1VgpigSzONjF__1626234320/0)
![](https://wework.qpic.cn/wwpic/112147_6mJBIq1pSIODfcu_1626234327/0)
### 4.客户朋友圈支持设置朋友圈负责人
企业也可设置区域经理、门店店长等角色作为业务负责人，协同管理。
![](https://wework.qpic.cn/wwpic/927089_utAk0Nw2R6e-i66_1626234360/0)
",https://open.work.weixin.qq.com/help2/pc/16652/14517
0,开通对外收款,"[TOC]
### 一、开通商户号
（1） 前期准备：使用对外收款之前，需要申请微信支付商户号，如果之前未申请过，可前往pay.weixin.qq.com申请。
### 二、绑定商户号
（2）开通方式：开通对外收款功能时，需要登记微信支付商户号以及商户号的主体名称，可在手机端和管理后台开通。
![](https://wework.qpic.cn/wwpic/301023_bEAQy_0XRO2WynM_1644885773/0)
",https://open.work.weixin.qq.com/help2/pc/16652/14519
0,领取到的企业微信红包将存入哪里,通过企业微信红包领取或因为对方未领取而超时退回的零钱，也将自动存入绑定的微信帐号中，可以通过微信客户端发起提现等操作。,https://open.work.weixin.qq.com/help2/pc/16652/14520
0,如何设置打卡规则？,"[TOC]
### 添加打卡规则
设置入口：【管理后台】>【企业应用】>【打卡】>【上下班打卡】>【设置】>【添加规则】查看
1 / 选择规则类型
![](https://wework.qpic.cn/wwpic/235101_A8GzfnOATIWalLL_1630051919/0)
- 在上下班打卡中，有三种打卡规则可选：
- 固定时间上下班：员工按照相同时间打卡，适合办公时间固定的上班族。
- 按班次上下班：员工按照各自排班时间打卡，适合分早/晚班办公的企业或部门。
- 自由上下班：员工无打卡时间限制，可随时打卡并记录工作时长，只统计旷工。适合上下班时间不固定的企业或部门。
2 / 添加打卡人员
![](https://wework.qpic.cn/wwpic/767339_ao3zP-p5QcK2LsZ_1630052147/0)
- 打卡人员是指适用于该条打卡规则的部门和成员。你可以对根据工作性质和工作内容，对不同部门的成员设置适合他们的打卡规则。如需要“三班倒”的设备运维部门按班次上下班，而办公时间更灵活的销售部使用自由上下班等。
- 领导或者特殊员工可在此通过配置白名单，不参与打卡。
- 3/ 选择打卡方式
- 手机打卡
- 打卡人员直接使用手机作为打卡设备，可通过手机定位、连接指定Wi-Fi来确定打卡范围，相比传统打卡更加自由灵活。
- 智能考勤机
- 打卡人员需要到指定的企业微信智能考勤机打卡，打卡记录在考勤机联网时可实时同步到企业微信，可随时在手机和电脑查看记录。
- U盘导入
- 对于使用传统U盘考勤机的用户，在企业微信通讯录导出到考勤机后，可定期导入打卡记录到企业微信，并按照设置的打卡规则核算打卡记录。
![](https://wework.qpic.cn/wwpic/504656_FRQoINvYQOyjpnX_1630052876/0)
4 / 设置打卡地点和打卡范围
- 在打卡地点的选择上，若打卡方式为手机打卡，企业微信会通过确认打卡人打卡位置，或判断打卡人是否连上办公地点的WIFI为主要依据，满足其中任意一项即可打卡；若为智能考勤机打卡，打卡人员则只能在指定考勤机上进行打卡。
- 添加打卡位置：
- 在地图中添加企业办公地点为打卡地点，以该地点为中心，100至300米范围内均可成为打卡有效范围，员工携带安装有企业微信的手机进入这个指定区域，即可用手机打卡。
- WIFI打卡：
- 添加办公地点的WIFI，员工手机连上此WIFI即可打卡。添加WIFI需提交WiFi的MAC地址/bssid，你可向你的网络IT管理员询问，也可以用手机连上需要添加的WIFI后用最新版的企业微信手机客户端扫描添加WIFI页面上的二维码来获取地址，快捷添加。
![](https://wework.qpic.cn/wwpic/756430_b6QIcfacQmGc98__1630053037/0)
- 智能考勤机打卡：
- 若打卡方式为智能考勤机，则需要根据设备名称选择具体的考勤机，该规则下的打卡人员只能在指定考勤机上打卡。每台考勤机有相应的人数上限，不能选择人数超限的考勤机作为打卡设备。
![](https://wework.qpic.cn/wwpic/222616_srwVc91fTb-0c9v_1630053104/0)
5 / 设置打卡时间
![](https://wework.qpic.cn/wwpic/154924_A6KEwwxYRSef5Yi_1630053168/0)
添加企业的上下班时间，你还可以在高级设置中设置允许迟到、早退的分钟数等，设计更人性化的打卡方式。

6 / 关于外出打卡
与上下班打卡不同，外出打卡是一种特殊的打卡方式，它适合出差外勤等无法在办公区域打卡的成员。配置外出打卡规则后，外出人员只需要在企业微信手机客户端中上传位置定位和拍照来作为打卡依据。为保证打卡的真实性，管理员可设置添加的照片只能通过拍照来提交，防止作弊。

### 设置特殊打卡规则
为适应不同企业和员工的个性需求，你可以在管理后台对添加的打卡规则进行特殊设置。如设置拍照打卡、补卡申请，添加特殊日期打卡等。

设置入口：【管理后台】>【企业应用】>【打卡】>【上下班打卡】>【设置】查看

1 / 拍照打卡
为防止员工打卡作弊，可设置打卡时必须拍照。
设置方法：在添加规则页面底部勾选“员工打卡必须拍照”。
设置异常打卡时提交的备注图片只能拍照上传。
设置方法：在添加规则页面底部勾选“备注不允许上传本地图片，只能拍照”。
![](https://wework.qpic.cn/wwpic/773713_FlkDkqZqRQWAZWN_1630053236/0)
2 / 补卡申请
员工因为特殊情况迟到/早退时，可提交补卡申请，审批通过后可智能校准打卡状态。
设置方法：在添加打卡规则的页面底部勾选“员工异常打卡时可提交申请，审批通过后修正异常”。设置后，【补卡申请】将会出现在【审批】应用中，员工提交补卡申请，上级审批通过后，会自动将异常打卡状态校正为正常。
![](https://wework.qpic.cn/wwpic/893064_G3wNuc4cQ5qYhIn_1630053298/0)
3 / 特殊日期打卡
除常规打卡时间，你可以根据公司的特殊放假安排（如公司周年庆、年会、集体团建等），设置必须打卡或者不用打卡的日期，人性化打卡方式更受员工的欢迎。
设置方法：在添加打卡规则页面，点击特殊日期的添加按钮。选择需要打卡的日期、时段和打卡事由。如需添加多个时间，可新增时段。设置不用打卡日期的方法同上。
如果公司在非工作日有加班需求，也可设置非工作日允许打卡，员工可自由签到，记录工作时长。
设置方法：在添加打卡规则页面，勾选“非工作日允许打卡”。
![](https://wework.qpic.cn/wwpic/32454_nt9Sn_GeT0uvK_a_1630053358/0)
4 / 设置打卡提醒
在新打卡方式的普及期间，有些员工可能会忘记打卡。为避免这种情况，你可以设置打卡提醒，在打卡时间准点或提前提醒员工打卡。
设置方法：在【添加打卡规则页面】>【提醒】的下拉列表中，选择提醒时间。届时员工的企业微信将在指定时间收到打卡提醒。
![](https://wework.qpic.cn/wwpic/367855_RJU3uGlITg6czBU_1630053411/0)
5 / 设置打卡应用的可见范围
可见范围是指在手机中可以看到打卡应用并使用该应用的人群范围。你可以在打卡应用首页进行配置。点击【修改】，从通讯录列表中选择部门和成员即可。系统默认打卡应用为所有人可见。
![](https://wework.qpic.cn/wwpic/792076__3KQqhWSRK-egI4_1630053463/0)
",https://open.work.weixin.qq.com/help2/pc/16652/14523
0,什么是员工服务,"- 员工服务功能支持添加员工服务帐号，向员工提供服务。员工可在公司通讯录上找到服务帐号并咨询问题。
- 企业微信内部客服账号，跟员工的个人企业微信号绑定，在个人账号会话中出现内部客服的特殊会话。而不是新开一个企业微信账号。
- 开启路径：管理后台-管理工具-员工服务-添加服务账号
- 完成客服账号信息设置并保存后，企业内员工即可在企业通讯录的“内部客服”一栏中找到该客服账号，并进行相关的咨询操作。
![](https://wework.qpic.cn/wwpic/680201_sRZ6RRcBQNuqA4i_1607322721/0)
![](https://wework.qpic.cn/wwpic/941336_ug2dlkLSRGSTlhh_1607323105/0)",https://open.work.weixin.qq.com/help2/pc/16652/14366
0,成员如何预定会议室？,"1、可以通过工作台-其他-会议室，进行会议室预定。可按时间、会议室资源进行筛选所需要预定的会议室，如果有配置带地理位置信息的会议室，会优先匹配当前所在位置附近的会议室资源。
2、可以通过“日程”-“新建日程”-选择会议室进行预定。通过新建日程预定会议室，暂不支持“须审批的会议室”。
3、以上两种方式，会议室均支持重复（周期性）预定。
4、预约需审批的会议室，由于【会议室】的审批模板是关联会议室预定功能的，在客户端的审批应用的模板列表入口会屏蔽掉看不到该模板，提交的路径为：工作台-会议室-选择带有须审批字眼的会议室。右下角会有个申请预定的入口，点击申请会进入到填写审批的页面。
![](https://wework.qpic.cn/wwpic/306569_akye_I60TTqg8ug_1607498052/0)
![](https://wework.qpic.cn/wwpic/822130_WIqr6fLvRBW15bB_1607498061/0)",https://open.work.weixin.qq.com/help2/pc/16652/14384
0,日程如何共享日历,"共享日历：日历创建人可将日历共享给上级、下属、项目同事等成员，可以设置是否允许可被查看日历内容。
可设置3种权限：可管理、仅浏览、可编辑、仅查看闲忙状态。其中可编辑权限的人员增/删/改日历的话，暂无增/删/改的记录，也不会推送提醒通知给日历创建人。
操作路径：手机端日程右上角“...”-点击日历旁的感叹号--“共享给”选择成员。
电脑端日程--点击日历旁边的“...”--共享给选择成员
![](https://wework.qpic.cn/wwpic/385952_lFsT0jHRSTCB9wu_1634032490/0)
![](https://wework.qpic.cn/wwpic/769612_JVJBvkfoRd26rru_1634032528/0)",https://open.work.weixin.qq.com/help2/pc/16652/14388
