0,首日付费ROI投放自动鉴权,"# 功能介绍
# 首日付费ROI投放自动鉴权
为提升游戏广告投放的付费ROI效果，AMS现已全量推出 **【首日付费ROI】** 优化能力，客户可以根据自身产品的情况，设定首日ROI系数，系统将通过对用户的付费价值精准预估，帮助客户获取高付费能力的用户，优化后端ROI效果。

为保障 【**首日付费ROI**】的投放效果，前置要求投放的Appid同时满足【**付费数据充分**】、【**付费数据准确**】、【**付费数据完整**】三个门槛
* 三个门槛均满足即可自动获得投放权限无需申请开白
* 其中一个或一个以上不满足则暂时无法投放，满足后即可重新获得权限

**请有需要投放【**首日付费ROI**】的广告主注意检查&提升付费回传的质量，以免影响功能使用。**
## 适用客户
游戏行业
* IAP类（应用内付费）游戏
* IAP+IAA类（混合变现）游戏
## 推广目标
* APP(Android)
* APP(iOS)
* 微信小游戏
## 优化目标
* APP(Android)/APP(iOS)：【激活】+【首日付费ROI】
* 微信小游戏：【首次付费】+【首日付费ROI】、【注册】+【首日付费ROI】

## 流量版位
* APP(Android)/APP(iOS)：微信/非微信
* 微信小游戏：微信
## 门槛要求
### 门槛1：付费数据充分
针对【**微信小游戏**】和【**APP(Android)/APP(iOS**)】，需同时满足以下条件，否则无法校验通过：
* Appid维度近7个自然日（不包含今天）累计产生**≥100次付费行为**
* Appid维度近7个自然日（不包含今天）累计**付费金额≥5000元**

//说明：仅校验游戏通过腾讯渠道竞价广告产生的付费数据

### 门槛2：付费数据准确
针对【**微信小游戏**】和【**APP(Android)/APP(iOS)**】，需同时满足以下条件，否则无法校验通过：
* 需回传真实付费金额，**不可添加系数**，近7个自然日（不包含今天）**不可出现金额=0或金额加系数的付费行为回传**，否则校验不通过
* 如游戏内**有打折或优惠券或汇率等逻辑，需修改为回传档位原始值**，否则也无法通过校验
### 门槛3：付费数据完整
针对【**微信小游戏**】，ROI优化能力使用广告主上报数据进行优化，因此要求
* **全量回传iOS和安卓端产生的付费数据&金额**，若仅回传单平台数据或某一平台数据回传比例过低则无法通过校验。
## 校验逻辑
* **若Appid同时满足以上三个门槛，则自动获得投放权限，若不满足任一或多个门槛则暂时无法投放**；
* 若您自查发现有Appid同时满足以上三个门槛但仍未获得投放权限，**可与对接销售运营或通过右下角投放助手反馈**；
* **系统每天更新权限判断结果**，此前获得权限的appid有可能因为近期不满足而暂时无法投放，请按照上述要求自查&修正，以重新获得投放权限。"
0,运营侧补充事项,"# 使用指引
## 1. 申请方式
填写[《腾讯优选联盟商户加盟申请表》](https://docs.qq.com/form/page/DVktCcVNNY1dvbENV?_w_tencentdocx_form=1)后，腾讯广告运营工作人员会在1~2个工作日内联系商家通知申请成功，随后即可进行返佣推广计划的设置和操作。
如有疑问，商家可邮件联系ams_cc@tencent.com，或微信关注并联系公众号【优选小推】。

## 2. 返佣计划的设置方法
### 2.1  开启返佣设置功能
联系对接运营获得腾讯优选联盟使用权限后，您可登录投放端，进入商品页面，点击“开启返佣设置”按钮，开启返佣设置功能。
![image (20) 1.png](https://bbx-pic.gtimg.com/bbx/pictures/2021/276_20210819145449_741059.png)
### 2.2 设置佣金比例
返佣设置功能开启后，点击商品佣金比例旁的Icon，在输入框内输入佣金比例，即可完成佣金的修改。
注：佣金比例应在[0%，100%]间，保留两位小数，不保留百分号。如10%填写10.00即可
![image (21) 1.png](https://bbx-pic.gtimg.com/bbx/pictures/2021/276_20210819145454_434903.png)

### 2.3 设置商品推广状态
返佣设置功能开启后，点击商品缩略图旁边的开启或关闭按钮，可将商品设置为推广或不推广状态。
注：已下架、已删除商品不支持以此方法修改商品推广状态
![image (22) 1.png](https://bbx-pic.gtimg.com/bbx/pictures/2021/276_20210819145459_047730.png)
### 2.4 关闭返佣设置功能
点击“关闭返佣设置”后，可关闭返佣设置功能，关闭后无法设置商品的佣金比例和推广状态。
![image (23) 1.png](https://bbx-pic.gtimg.com/bbx/pictures/2021/276_20210819145503_984243.png)"
0,开发侧注意事项,"# 使用指引
## 注意事项：
腾讯优选联盟商家开发侧事项与标准接入流程基本一致，但需要特别注意：
### 商品、订单等数据接口接入时，请不要填写佣金及推广状态相关字段！

具体受影响接口如下：

1） 添加数据仓库接口：
每个接口上报数据前都需都添加一个数据仓库，每种数据源类型的数据仓库只可添加一次，该数据仓库在传输数据时可重复使用

2）获取数据仓库接口；

3）商详新增接口：注意，请勿填写接口中佣金&推广状态相关字段；

4）商详变更接口：注意，请勿填写接口中佣金&推广状态相关字段；

5） 订单新增接口：注意，请勿填写接口中佣金&推广状态相关字段；

6）订单状态变更接口；

7）退款订单新增接口；

8）退款订单状态变更接口；

详细接口文档和对接指引见[【腾讯广告】CPS接口上报指引](https://docs.qq.com/doc/DU0lpaERFcHBaSHNz)，请参照此文档完成接口对接。"
0,应用直达,"# 功能介绍

## 一、什么是应用直达？
 
直接到达广告主“APP应用”内广告指定的落地页，叫做应用直达（又名deeplink、深度链接）。
应用直达广告允许您在投放广告时，指定一个在您App内的落地页。用户点击展现的广告后，系统根据当前广告和用户的情况作出判断，如果条件符合，呼起您的App，并在该App内打开您指定的页面（非应用直达的广告最多只能打开App的首页）。

### 跳转链路介绍

应用直达的能力为 **已安装应用直达**

 
【**已安装应用直达**】用户点击广告后，如果该用户已安装了对应的App，会直接打开App并跳转到APP内指定的页面，而不是App首页。


![008eGmZEgy1gpki1d9vidj315e0u0kjn.jpg](https://bbx-pic.gtimg.com/bbx/pictures/2021/77_20210819202220_738256.jpg)
（已安装应用直达示意图）



## 二、应用直达广告有什么优势？
 
 能够帮助广告主缩短特定目标人群（安装人群）的转化链路，提升转化率，当广告主的目标人群中包含已安装人群时，推荐使用；
 
### 提升用户体验
移动端屏幕比较小，App比web页更适合用户浏览，能实现更多的功能。呼起广告对应的APP，能提升用户的浏览体验和操作体验。

### 提升转化效果
对电商等注重转化的广告主，可以将您想推广的商品做进广告素材里，用户看到广告产生兴趣并点击后，在App里直接打开商品对应的页面，缩短了转化路径，提升转化效果。
 
# 使用指引
## 一、如何使用应用直达？
 
首先需要确认您的app可以支持外链呼起。如果不支持，需要先使App支持外链呼起，否则无法打开App。
 
###  ADQ投放端指引：
 
3.1、支持的推广目标和广告版位
 
**非微信流量：**
支持广告版位：「腾讯平台与内容媒体」、「优量汇」

支持推广目标：「Android应用」、「iOS应用」、「品牌活动推广」、「销售线索收集」

**微信流量：**
「微信朋友圈」广告版位 「卡片广告」创意形式仅支持「Android应用」、「iOS应用」下使用应用直达；



3.2、应用直达-设置入口

创建广告-广告创意-附加跳转能力-设置应用直达URL，（设置长度最大支持1024字节，注意此处不支持http(s)地址）。
 
 ![444.png](https://bbx-pic.gtimg.com/bbx/pictures/2021/77_20210819171719_624368.png)


3.3 广告播放时判断用户的安装状态，显示不同行动按钮文案：


当投放**安卓推广目标- 朋友圈版位 - 卡片创意形式**，在广告播放时：
会判断当前用户手机是否已安装当前应用，如果已安装则行动按钮文案为 **「打开应用」**，如果未安装当前应用时会使用投放端选择的按钮文案如 **「立即体验」**

![123-dfcd560f1e6f245a2a573713f9ef7fc7.png](https://bbx-pic.gtimg.com/bbx/pictures/2022/77_20220126150852_855219.png)



3.4、应用直达地址规范

与一般的http格式地址不同，直达页地址需按写入schema的格式填写，且该schema与推广app和操作系统相关。**请与您的APP技术人员了解您所推广的schema格式，并进行测试，以确保直达页地址能被您所推广的app正确打开。**



示例一：example://showProduct?Id=330885


示例二：vipshop://goHome?tra_from=tra%3Awshxd3nx%3A3b766cqa%3Ahkqw6dph%3A9wde5vms%3A%3A4gl0mmyi%3A%3A&f=dxvipshop://showSpecial?sid=ylvtpm&tra_from=tra%3A6jjay3gi%3A%3A%3A%3A
 
 
3.5**schema相关请参考扩展资料：**
 
【iOS平台】

 <a href=""http://www.idev101.com/code/Objective-C/custom_url_schemes.html"" target=""_blank"" rel=""noopener noreferrer"">Objective-C：自定义网址方案，http://www.idev101.com/code/Objective-C/custom_url_schemes.html</a>
 
&nbsp;
<a href=""https://github.com/BoltsFramework/Bolts-ObjC"" target=""_blank"" rel=""noopener noreferrer"">Bolts 框架方案，https://github.com/BoltsFramework/Bolts-ObjC</a><br />
&nbsp;<br />
 
【Android平台】

<a href=""https://developer.android.google.cn/training/app-links/deep-linking.html"" target=""_blank"" rel=""noopener noreferrer"">为应用内容部署深度链接，https://developer.android.google.cn/training/app-links/deep-linking.html</a>。<br />



# 常见问题 

**1、如何申请应用直达白名单？**


部分广告创意形式应用直达能力仍然受白名单控制，如有需要建议联系运营申请开通。


**2、什么是双链直达？**

已安装应用直达和h5的结合，广告中落地页设置自定义、蹊径等落地页，但同时设置应用直达，已安装用户通过应用直达唤起，未安装进h5；

**3、如何衡量直达能力？**

主要衡量指标：pv唤起率-唤起pv/点击量（点击量一般为pv） 辅助衡量指标：uv唤起率-唤起uv/点击量"
0,投放端内-创意工作台,"# 功能介绍
2021年4月20日， ADQ投放流程中，微电影-创意工作台全新改版上线！
客户想使用行业内爆量视频模版快速制作爆款视频？

客户想使用行业内免费视频片段（空镜头）提升视频效果？

客户想要快速将60s长视频剪成短视频投放腾讯各流量版位？

客户想要快速参考行业、商品下的优质创意助力投放？



微电影-创意工作台改版新增50+行业内爆款视频模版、100+行业内通用免费视频片段以及创意排行榜参考。欢迎大家来使用并反馈任何问题！

# 使用指引
## 功能入口
ADQ投放端 - 新建/复制/编辑广告 - 创意内容 - 创意工作台
![创意工作台1.png](https://bbx-pic.gtimg.com/bbx/pictures/2021/209_20210728215626_507039.png)


## 核心功能
### 1、功能概览

（1）使用行业爆款视频模版，快速做同款

（2）若对视频模版不满意，可上传图片、视频，或使用行业内免费视频片段（空镜头），微电影混剪出多个视频成片

（3）若不想自己制作视频，根据账户内视频成片下单情况，可0元抢多种视频成片订制套餐

（4）参考行业、商品下的优质创意排行
![创意工作台2.png](https://bbx-pic.gtimg.com/bbx/pictures/2021/209_20210728215702_197646.png)




### 2、视频模版

（1）点击「去编辑」，进入视频模版编辑页；客户可自由替换素材，添加音乐、LOGO、字幕，生成视频一键用于投放

![创意工作台3.png](https://bbx-pic.gtimg.com/bbx/pictures/2021/209_20210728215745_364489.png)
![创意工作台4-视频模板2.png](https://bbx-pic.gtimg.com/bbx/pictures/2021/209_20210728215841_336751.png)




（2）客户可点击「查看更多」，查看其他行业全量视频模版

![创意工作台5.png](https://bbx-pic.gtimg.com/bbx/pictures/2021/209_20210728215917_261512.png)

![创意工作台6.png](https://bbx-pic.gtimg.com/bbx/pictures/2021/209_20210728215944_206963.png)



### 3、微电影视频生成工具

（1）客户可从本地、素材库或免费视频中上传1-5个素材

（2）客户可任意使用100+各行业免费视频片段（空镜头）

（3）客户可为成片添加装饰、字幕

![创意工作台7.png](https://bbx-pic.gtimg.com/bbx/pictures/2021/209_20210728215959_712796.png)
![创意工作台8.png](https://bbx-pic.gtimg.com/bbx/pictures/2021/209_20210728220024_911085.png)




（4）教育行业关注上传长视频，微电影可根据版位要求，自动截取视频关键利益点片段，混剪出符合外层素材时长要求的短视频。（其他行业若有诉求可联系jiayizhao）

![创意工作台9.png](https://bbx-pic.gtimg.com/bbx/pictures/2021/209_20210728220046_917088.png)




### 4、视频成片一键下单

点击「0元抢」banner，客户可在创意集市-视频成片下单页，根据历史订单情况，0元抢专业成片订制服务

0元抢资格：广告主主体下，未在创意集市-视频成片下单的新客，享3单免费

![创意工作台10.png](https://bbx-pic.gtimg.com/bbx/pictures/2021/209_20210728220113_463551.png)






### 5、创意排行榜

筛选客户开户行业、所选商品行业（仅教育、电商）和素材类型下，排行TOP8创意，点击「查看更多」，可跳转至排行榜查看全量优质创意排行

![创意工作台11.png](https://bbx-pic.gtimg.com/bbx/pictures/2021/209_20210728220130_026462.png)"
0,整体流程及前序沟通,"# 功能介绍
## 1、商品库对接SOP流程图 
![wecom-temp-68784bb7f80e360e4cdfa8a7b7591bb8.jpg](https://bbx-pic.gtimg.com/bbx/pictures/2021/276_20210803204406_622560.jpg)
## 2、前序沟通
在您正式开始接入前，请确定CPS投放计划、期望业务场景、投放端开户身份等信息，并明确以自有返佣体系常规商家身份或腾讯优先联盟商家身份接入。整体对接流程预计耗时1-2周，请您预留好充足的对接时间。确认以上内容后，请接入方运营、开发侧同学分别查看对应指引，分角色参照指引完成接入。

## 3、指引
若您自有商品返佣推广体系，您可以在完成前序沟通的基础上，参考《运营侧指引》及《开发侧指引》完成接入；

若您暂无商品返佣推广体系，希望以腾讯优选联盟商家身份接入CPS商品库，请在《运营侧指引》及《开发侧指引》的基础上，重点关注[《腾讯优选联盟接入指引》](https://e.qq.com/ads/helpcenter/detail?cid=1910&pid=5292)中针对腾讯优选联盟的指引并完成接入。"
0,投放端开户及充值,"# 使用指引
# I、投放端开户
## 1. 开户方式（请根据您的适用场景，选择下列四种开户方式之一）
请根据适用场景，选择下列四种开户方式之一：

【新广告主开户】

广告主无广点通广告账户，未在腾讯广告平台投放过广告。详细指引请见1.1。

【历史广告主开户】

广告主已有广点通有效广告直客账户，在腾讯广告平台投放过广告。详细指引请见1.2。

【代理商开户】

服务商身份开户。由于涉及财务类目的区分，无论之前是否已有腾讯服务商账号，CPS业务均需服务商重新开户。详细指引请见1.3。

【销售代开户】

KA客户，有稳定的销售运营同学进行服务且客户直接开户存在疑问。详细指引请见1.4。

### 1.1 新广告主申请CPS直客账户
【申请方法】

登录[腾讯广告注册页面](https://e.qq.com/reg-new/)，根据指引完成注册。

注意：选择【企业】，账号类型务必选择【CPS商品广告】

![截屏2021-08-20 下午5.41.47.png](https://bbx-pic.gtimg.com/bbx/pictures/2021/276_20210820180111_579840.png)




### 1.2 历史广告主直客账户申请CPS直客账户

【申请方法】

登录[腾讯广告系统](http://e.qq.com)后，点击【工具】里的【CPS商品广告账户】，根据指引进行开通。
![历史.png](https://bbx-pic.gtimg.com/bbx/pictures/2021/276_20210820181444_660541.png)

### 1.3 代理商身份申请CPS服务商新账户

【代理商申请方法】

登录[代理商注册页面](https://e.qq.com/agency-reg/)

注意：开户方式务必选择【仅开通CPS商品广告服务商】
![服务商开户.png](https://bbx-pic.gtimg.com/bbx/pictures/2021/276_20210802122040_492186.png)
【代理商开通催审】

代理商审核需要人工推动，申请完服务商账号后，需将服务商账号ID告知腾讯运营人员，一般审核需要1天时间。

附：通过【主体管理】获取UID信息
![image (24).png](https://bbx-pic.gtimg.com/bbx/pictures/2021/276_20210820181913_573739.png)

【代理商开通子客】

待CPS商品广告服务商开通后，在服务商后台开通CPS子客账户
![image (25).png](https://bbx-pic.gtimg.com/bbx/pictures/2021/276_20210820181918_892665.png)



### 1.4 销售代为广告主申请CPS直客账户（不建议使用）


【申请方法】

广告主提供相应材料（所需材料信息，请见6.3），由销售同学在腾讯广告ADhome后台进行【外部直客开户】，**申请时务必选择【是CPS账户】，财标标签必须选择带有深圳计算机尾缀（非常重要！！！）。**

## 2. 开户流程
### 2.1 按上述开户方式申请账户后，请将直客账户ID（或子客账户ID）告知腾讯运营人员，开通登录权限。

1） 直客账户ID获取方式：
![image (26).png](https://bbx-pic.gtimg.com/bbx/pictures/2021/276_20210820181924_684778.png)
2） 服务商子客账户ID获取方式：
![image (27).png](https://bbx-pic.gtimg.com/bbx/pictures/2021/276_20210820181930_640110.png)

### 2.2 进入账户中心，补充并提交账户资质，系统会推送账户至审核端进行审核，一般审核需要1天，如超时过长，请联系腾讯运营人员进行催审。（子客可根据账户状态进行资质修改并提交）
![image (28).png](https://bbx-pic.gtimg.com/bbx/pictures/2021/276_20210820181935_849091.png)


### 2.3 在申请CPS账户的同步，可申请开发者账户并接入API，在整个接入、测试、联调阶段，投放端账户将会报错（如下图），请忽略。待整体流程完成后，报错将消失，在投放端即可查看API同步至腾讯的商品。此时若仍报错，请联系腾讯运营人员。

![未绑定.png](https://bbx-pic.gtimg.com/bbx/pictures/2021/276_20210820181155_758619.png)

# II、账户充值
由于网银充值仅允许IE浏览器操作，故提供充值指引，帮助大家操作：

1）通过chrome等非IE浏览器打开投放端（e.qq.com）并登录，切换至财务模块
![image (11).png](https://bbx-pic.gtimg.com/bbx/pictures/2021/276_20210802131245_202803.png)
2）点击在线充值，输入金额后，到达支付方式选择页面
![image (13).png](https://bbx-pic.gtimg.com/bbx/pictures/2021/276_20210802131314_488225.png)
3）复制该页面的url链接，在IE浏览器中打开
![image (14).png](https://bbx-pic.gtimg.com/bbx/pictures/2021/276_20210802131350_268210.png)
4）在IE浏览器中选择支付方式，进行后续的网银充值操作
![image (15).png](https://bbx-pic.gtimg.com/bbx/pictures/2021/276_20210802131418_994649.png)"
0,有数开户,"# 功能介绍
## 1. 有数介绍
腾讯有数提供一整套数据服务及接口解决方案，为CPS商品广告提供数据通道服务。接入方开发同学将负责有数API的接入，在测试环境上报和正式环境上报商品、订单等数据。

# 使用指引
## 2. 有数开户
请填写有数开户申请表[《腾讯有数服务申请(商户开发模式)》](http://docs.qq.com/form/fill/DUnRwTnlDSGNoc2Vi)， **接入目的选择“CPS商品广告”**。
![截屏2021-08-02 下午3.22 1.png](https://bbx-pic.gtimg.com/bbx/pictures/2021/276_20210802152428_857374.png)
填写《申请表》约 1 个工作日后，请使用在《申请表》中登记的手机号，微信扫码登录[腾讯有数数据管理](http://srdata.tencent.com/)，进入<数据接入>-<接入工具>-<密钥管理>，可获得开发账号及测试 token。"
0,接口对接及有数测试环境上报,"# 使用指引
## 1. 接口对接方案
接口对接阶段，请您参考指引，完成以下接口的对接：
### 1.1 添加数据仓库接口：
每个接口上报数据前都需都添加一个数据仓库，每种数据源类型的数据仓库只可添加一次，该数据仓库在传输数据时可重复使用
### 1.2 获取数据仓库接口
### 1.3 商详新增接口：
**注意，若以腾讯优选联盟身份接入请勿填写接口中佣金&推广状态相关字段**
### 1.4 商详变更接口：
**注意，若以腾讯优选联盟身份接入请勿填写接口中佣金&推广状态相关字段**
### 1.5 订单新增接口：
**注意，若以腾讯优选联盟身份接入请勿填写接口中佣金&推广状态相关字段**
### 1.6 订单状态变更接口
### 1.7 退款订单新增接口
### 1.8 退款订单状态变更接口
接口文档和对接指引见[【腾讯广告】CPS接口上报指引](https://docs.qq.com/doc/DU0lpaERFcHBaSHNz)，请参照此文档完成接口对接。

## 2. 测试环境上报、测试、验收
### 2.1 数据上报
在测试环境上报数据，使用腾讯有数<数据接入>-<接入工具>-<日志查询>进行调试。点击【 JSON 】可看到日志明细。提示信息为“✔️”表示数据通过校验。如下图所示，为前端上报数据在指定时间端，沙盒环境报错的情况。
![18.png](https://bbx-pic.gtimg.com/bbx/pictures/2021/276_20210802134949_629042.png)
### 2.2 有数测试环境测试
### 1） 首次提测
接入状态全部变为“接入中”时，接入状态会自动进入“测试数据测试中”，否则，接入流程不会进入下一阶段。

注意，有数测试需要**0.5至1个工作日**的时间，请您耐心等待。若1个工作日后，仍未获得测试结果反馈，请联系有数小助手。
### 2） 测试结果
有数测试助手完成测试，测试结果可见下图消息中心（如测试单无法查看，请联系有数小助手解决）。
![19 1.png](https://bbx-pic.gtimg.com/bbx/pictures/2021/276_20210802135107_177151.png)
### 3） 继续送测
如需继续送测，可关注“智慧零售数据服务”公众号，随时发起重测并接收测试进度消息提醒。
### 4） 后续流程
通过数据测试后，可进行下一步：邮件报备有数（邮件报备一般由您的运营侧进行，从项目启动对接时就可发送邮件，请确保在AMS数据实测验收前完成）。"
0,完成数据授权,"# 使用指引
请与研发同学协作，参考有数[《数据授权》](https://mp.zhls.qq.com/youshu-docs/manual/youshu/ams_cps.html#_5-%E5%AE%8C%E6%88%90%E6%95%B0%E6%8D%AE%E6%8E%88%E6%9D%83)，登录腾讯有数数据管理后台，根据指引完成数据授权。"
0,有数正式环境上报,"# 使用指引
## 1. 预上线阶段
腾讯有数<数据接入>-<接入工具>-<接入进度>所有接口显示“接入完成”，表明进入预上线阶段，可查看正式token进行正式环境上报。
![21.png](https://bbx-pic.gtimg.com/bbx/pictures/2021/276_20210802141742_184841.png)
## 2. 正式环境上报
### 2.1 替换正式token
进入<数据接入>-<接入工具>-<密钥管理>，可查看正式 token ，替换正式token之后，可以进行正式环境的上报。
![22.png](https://bbx-pic.gtimg.com/bbx/pictures/2021/276_20210802142204_108792.png)

### 2.2 后端url替换

后端 API **测试环境 url**：https://test.zhls.qq.com/， 替换为后端 API **生产环境 url**：https://zhls.qq.com/

详细指引请见[《有数接入手册》](https://mp.zhls.qq.com/youshu-docs/develop/dev_account/dev_process_merchant.html)"
0,流量方对接,"# 使用指引
在完成前序商品库对接工作后，请您通知与您对接的产品运营同学，并配合产品运营侧的商品库测试验收工作。待验收通过，请您仔细阅读[《商家对接指南【流量场景篇】》](https://docs.qq.com/doc/DU1F2dUpDTVVLSHBp)，并由运营同学引导您进行CPS带货分销体验。"
0,Q&A,"# 常见问题
### 1. 商品状态、审核相关

**问题1：** 什么时候可以登录投放端查看商品呢？
**回答：** 待您**发送授权邮件，“账户未绑定商品库”提示消失后**，您可以同步开发同学在**正式环境上传商品**。数据完成上报后，您可以在投放端商品页查看上报的商品。

**问题2：** 商品审核是**人工审核还是机器审核**，审核大概需要**等待多久**？

**回答：** 商品审核是由**机器进行**的，通常商品审核是**秒级审核**的，如遇推送商品量级过大等特殊情况请您**耐心等待审核结果**。

**问题3：** 商品的**上下架状态、推广状态、审核状态**是独立的吗？

**回答：** 是的。商品的上下架状态、推广状态由商品上报时**is_available**以及**promote_status**两个字段控制，审核状态为机审结果。只有商品为上架、推广中、审核通过状态时，才可以向达人露出。

### 2. 充值、退款、开票相关

**问题1：** 是否支持**小额充值**，方便进行后续的测试？

**回答：** 支持，**首次充值**的门槛为10元，充值完成后，您便可以进行后续的测试。


**问题2：** 账户充值后**能否申请退款**，**退款周期**多久？

**回答：** **可以申请退款**。 如果需要申请退款，建议账户全部佣金已结算后再申请。退款一般会在30个工作日内完成。具体对公&私人账户**退款申请流程**可参考[《如何申请退款》](https://e.qq.com/ads/helpcenter/detail?cid=534&pid=2068)。


**问题3：** 完成充值后，如何**申请发票**？

**回答：** 发票申请请参考[《CPS发票申请指南》](https://docs.qq.com/doc/DUkdGYldqdWJOY3po)。


**问题4：** 申请开票的金额与实际充值的金额是一致的吗？

**回答：** 是的，开票金额与您的实际充值金额一致。

### 3. 下单自测相关

**问题1：** 如果希望进行自测，请问怎么进行**下单自测**呢？

**回答：** 您可以登录CPS投放端，进入商品页，点击“验证下单”button，之后手机扫码完成下单，并记录订单号。之后，您可以在CPS投放端效果页的实时订单数据报表，若可以找到记录的订单号，则表明有订单回传，反之请排查订单未回传的原因。**详细指引**请见[《商家下单自测流程》](https://docs.qq.com/doc/DWnJOZmZyZ0d1aUVU)。"
0,Q&A,"# 常见问题
### 1. 有数接口相关
**问题1：** 申请有数开户时，勾选了**其他业务**，会有影响吗？

**回答：** 会的，请**与有数小助手取得联系**，挂起CPS业务外的接口。

**问题2：** 如果之前已经**全量接入有数**的情况下，对接CPS业务是否需要重新建一个**CPS业务的数据仓库**？

**回答：** 您可以参考[《有数数据仓库介绍》](https://mp.zhls.qq.com/youshu-docs/develop/interface/datawarehouse/data_source_add.html)，**结合期望的应用场景，进行评估**。

**问题3：** 有数的**待接入接口**中，**出现了指引中没提到的接口**，怎么办呢？

**回答：** 这是因为申请有数账户时，勾选了其他业务造成的。请**与有数小助手取得联系**，**挂起CPS业务外的接口**。

### 2. 接口字段相关

**问题1：** **销量字段**是否可以不传？

**回答：** 请**确保填写销量字段**，销量佣金比例等等因素都是**推荐商品的评价依据**，不传销量字段可能会**影响商品露出**。

**问题2：** 有数**测试阶段**上报数据时，**tx_cps_id字段如何获取**呢？

**回答：** 有数测试阶段只会**验证数据的格式**，因此您只需要根据数据格式规范**上报定值**即可。

**问题3：** **前台类目和后台类目**有区别吗，如果类目与AMS的不一致怎么办？

**回答：** 我们会根据上报的商品信息通过**模型进行类目识别**，因此不用担心类目不一致的问题。此外，前台类目是面向C端消费者的类目体系，后台类目是后台存储的类目体系，您可以**任意选择一个类目体系**进行上报。

**问题4：** 如果我们**没有店铺体系**，那么怎么处理店铺信息相关字段呢？

**回答：** 若您没有店铺体系，可以将店铺信息写死为一个**固定值**进行上报。


### 3. 订单状态上报相关
**问题1：** 什么情况下会使用退款订单新增接口上报退款单呢？

**回答：** 请参考下图，进行订单状态的上报
![WechatIMG177.jpeg](https://bbx-pic.gtimg.com/bbx/pictures/2021/276_20210831142039_343883.jpeg)

### 4. 下单自测相关

**问题1：** 如果希望进行自测，请问怎么进行**下单自测**呢？

**回答：** 您可以登录CPS投放端，进入商品页，点击“验证下单”button，之后手机扫码完成下单，并记录订单号。之后，您可以在CPS投放端效果页的实时订单数据报表，若可以找到记录的订单号，则表明有订单回传，反之请排查订单未回传的原因。**详细指引请见**[《商家下单自测流程》](https://docs.qq.com/doc/DWnJOZmZyZ0d1aUVU)。"
0,资源介绍,"## 1. 介绍
腾讯返佣商品，指的基于腾讯生态流量体系提供的以CPS商品成交后付费的推广模式。商家在腾讯广告上传商品并设置一定的佣金，腾讯各媒体平台的创作者可以在发布内容时关联合适的商品，用户购买商品后创者者获得返佣收益，广告主获得推广及售卖价值。
![image 1.png](https://bbx-pic.gtimg.com/bbx/pictures/2021/276_20210803121706_773080.png)

## 2. 优势
* 原生推广：返佣商品以原始带货方式出现在直播、短视频、图文、社群及商城组件场景。
* 高效直达：用户点击商品后直接跳转至具体广告主的商品页面，一键高效跳转。
* 效果保障：返佣商品推广按照广告主设置的佣金进行广告费结算，推广效果有保障。
* 丰富信息：广告主对接CPS返佣商品后，创作者可查看商品图片、标题、平台 及 商品标签、优惠券、销量等相关信息，帮助创作者更好的了解商品并进行售卖。用户在对应流量场景通过创作者的推荐后可查看商品信息直接购买。
## 3. 流量场景
目前腾讯返佣商品可直连微信视频号、微信公众号、微信小程序、腾讯看点、腾讯视频及微视等流量，包括直播、短视频、图文、社群及商城组件等流量场景的商品推广方式。

直播场景举例：
![截屏2021-08-03 上午10.49 1.png](https://bbx-pic.gtimg.com/bbx/pictures/2021/276_20210803105702_574346.png)

## 4. 流量场景详细介绍
![image (18) 2.png](https://bbx-pic.gtimg.com/bbx/pictures/2021/276_20210803105813_189873.png)
![image (19) 1.png](https://bbx-pic.gtimg.com/bbx/pictures/2021/276_20210803105822_185265.png)

附：若您希望接入腾讯返佣商品，连接腾讯生态流量体系，请参考[腾讯返佣商品对接指南](https://e.qq.com/ads/helpcenter/detail?cid=1836&pid=5280)开始对接。"
0,腾讯优选联盟介绍,"# 功能介绍
## 1. 腾讯优选联盟简介
腾讯优选联盟作为CPS商品推广的高级功能，是面向尚无能力自建CPS返佣能力的商家（广告主）推出的低门槛、低代码接入解决方案，旨在帮助商家快速接入腾讯CPS返佣商品库，方便、高效地设置商品返佣推广计划。

# 使用指引
## 2. 腾讯优选联盟接入指引
腾讯优选联盟商家的接入流程与标准接入流程基本一致，但运营侧同学和开发侧同学需要在根据[《运营侧指引》](https://e.qq.com/ads/helpcenter/detail?cid=1843&pid=5281)和[《开发侧指引》](https://e.qq.com/ads/helpcenter/detail?cid=1844&pid=5282)完成基础对接的基础上，重点关注：
### 2.1 运营侧补充事项：
运营同学需要额外关注腾讯优选联盟的申请方式以及返佣商品推广计划的设置方法，详情请见[《运营侧补充事项》](https://e.qq.com/ads/helpcenter/detail?cid=1910&pid=5508)；

### 2.2 开发侧注意事项：
开发同学需要重点关注佣金、推广字段的留空，详情请见[《开发侧注意事项》](https://e.qq.com/ads/helpcenter/detail?cid=1910&pid=5509)；"
0,腾讯广告房产行业官方服务团队人员信息公示,"为更好的提升服务能力、满足客户营销需求、助力房产行业数字化营销生态建设，腾讯广告行业销售运营三部近期对区域直客团队架构进行了合理化梳理，并颁布腾讯广告官方房产行业人员架构名单。

伴随着产业数字化发展的不断推进，房产行业纷纷加码触点线上化、营销闭环化以及运营精细化布局。与此同时，房产行业的数字化转型对于广告营销服务也提出了更高的要求。

作为连接腾讯广告服务能力与房产客户数字化营销需求的重要纽带，腾讯广告房产行业区域直客团队需要针对行业快速变化的转型趋势做出积极响应。

![c0a275c11590a57de6bcb05fc96bb5f.png](https://bbx-pic.gtimg.com/bbx/pictures/2021/211_20210831161908_226172.png)"
0,微信小程序,"# 功能介绍

## 一、什么是微信小程序落地页
微信小程序小程序是一种新的开放能力，开发者可以快速地开发一个小程序。小程序可以在微信内被便捷地获取和传播，同时具有出色的使用体验。

如何制作微信小程序本文不做详细介绍，可详细参照：

微信公众号开发者平台：[https://mp.weixin.qq.com/cgi-bin/wx](https://mp.weixin.qq.com/cgi-bin/wx)

开发者指南：[https://developers.weixin.qq.com/miniprogram/introduction/](https://developers.weixin.qq.com/miniprogram/introduction/)

## 二、微信小程序优势
* 【使用简单】 不用下载，不用安装，微信内直接可以使用，不用占据手机内存，用完即走。

* 【开发成本低】对比APP应用开发，微信小程序开发成本更低。

* 【社交传播】小程序适合在微信群里快速传播 连接直达用户。这给社交电商，社交产品的快速发展提供了机会。

* 【私域流量】微信小程序可以管理私域用户，共享微信生态、通过小程序进行用户裂变，潜力巨大。

## 三、 广告形态介绍
在腾讯广告投放平台中已实现全流量支持跳转微信小程序，微信小程序 作为落地页的一种类型进行赋能营销目的转化。
点击广告外层创意可以直接跳转到微信小程序中的页面。

针对微信流量：点击广告直跳小程序

针对非微信流量广告：点击广告后会唤起微信APP，在微信app内再打开小程序。
<span style=""color: rgb(255, 0, 0);"">由于非微信流量的特殊场景，打开率也会低于微信流量，如何提升打开率可详见本文第六章节。</span>


![111axq1w6Yc3NF1PrE8Wn9ByA.png](https://bbx-pic.gtimg.com/bbx/pictures/2021/77_20210902135057_157429.png)

优秀案例——旅游行业：

![444WX20210902-142009.png](https://bbx-pic.gtimg.com/bbx/pictures/2021/77_20210902142046_233767.png)

优秀案例——电商行业：

![00000WX20210902-142127.png](https://bbx-pic.gtimg.com/bbx/pictures/2021/77_20210902142233_965668.png)


# 使用指引
## 一、使用流程
### 1、ADQ投放端流程

支持推广目标：商品推广、销售线索推广、品牌活动推广、门店推广、应用推广

支持广告版位：微信朋友圈、微信公众号与小程序、腾讯平台与内容媒体、优量汇

入口：在广告创意-落地页模块中选择使用「微信小程序」落地页

需要填写小程序原始ID（gh_开头格式）和小程序链接（path地址 pages/开头，并非http开头的格式地址），输入正确的链接可以使用微信扫码预览检查当前的页面。


![0011SWkkKk1__bYjokdvggetEQ.png](https://bbx-pic.gtimg.com/bbx/pictures/2021/77_20210902135130_167055.png)


### 2、Marketing API
涉及接口： adcreatives/add（创建广告创意）、adcreatives/update（更新广告创意）

涉及字段：page_type（落地页类型）、PAGE_TYPE_MINI_PROGRAM_WECHAT（微信小程序落地页）

使用说明：在广告创意接口，page_type（落地页类型）使用PAGE_TYPE_MINI_PROGRAM_WECHAT（微信小程序落地页）进行创建

使用示例：

{

    ""page_type"": ""PAGE_TYPE_MINI_PROGRAM_WECHAT"",
		
    ""page_spec"": {
		
        ""mini_program_spec"": {
				
            ""mini_program_id"": ""小程序id"",
						
            ""mini_program_path"": ""小程序链接""
						
        }
				
    }
		
}

详细可跳转至「创意形式查询工具」查看落地页的使用方法：

[https://developers.e.qq.com/docs/tools/adcreative_template?version=1.1&_preview=1](https://developers.e.qq.com/docs/tools/adcreative_template?version=1.1&_preview=1)



## 二、转化行为数据上报与验证
行为数据上报是指微信小程序上报转化行为到腾讯广告DMP，该行为数据将用于测试效果评估和广告投放优化。

转化上报流程：
### 1、已对接腾讯广告Marketing API的客户（大部分老客户）：
在投放小程序广告前，只需结合具体投放需求，将小程序内相关的转化行为数据上报至web转化行为字段，并进一步完成行为数据上报验证和归因验证，即可使用oCPA投放广告。

### 2、从未对接过腾讯广告Marketing API的客户（少部分新客户）：
需按照开发文档，对接Marketing API完成行为数据上报，预计2~3个工作日，详细开发文档：
https://developers.e.qq.com/docs/guide/user_actions/convertion_web



## 三、如何提升小程序打开率：
### 1、哪些因素影响小程序到达率？

![AAAWX20210902-142725.png](https://bbx-pic.gtimg.com/bbx/pictures/2021/77_20210902143030_147913.png)

### 2、小程序独立分包

独立分包是小程序中一种特殊类型的分包，可以独立于主包和其他分包运行。从独立分包中页面进入小程序时，不需要下载 主包，有利于降低加载耗时。[开发配置指引请点击： 独立分包。https://developers.weixin.qq.com/miniprogram/dev/framework/subpackages/independent.html](https://developers.weixin.qq.com/miniprogram/dev/framework/subpackages/independent.html)

### 3、 内嵌H5页面

内嵌H5页面是通过小程序webview 组件内嵌H5网页链接，对比小程序原生页面不占用小程序的包体容量，有利于压缩小程序代码包。
[开发配置指引请点击：小程序内嵌H5 。https://developers.weixin.qq.com/miniprogram/dev/component/web-view.html](https://developers.weixin.qq.com/miniprogram/dev/component/web-view.html)

![BBBBWX20210902-142740.png](https://bbx-pic.gtimg.com/bbx/pictures/2021/77_20210902143045_630810.png)
以上两种页面方案，旨在压缩小程序包体资源大小。广告主可结合实际情况选择其中一种或两种方案兼并开发配置。

### 4、 高性能机型定向/wifi网络环境，提升小程序到达率
![cccf08020f234bb33e6582fcbcd2b623835.png](https://bbx-pic.gtimg.com/bbx/pictures/2021/77_20210902143100_529225.png)


# 常见问题

**Q：输入小程序id和链接后报错怎么办（报错信息：小程序path链接填写错误，请输入正确的小程序path链接）？**


A：需要和小程序的开发者进行检查当前小程序的地址是否可用


**Q：为什么iOS平台下放不出量？**


A：iOS下整体广告竞争环境激烈，且iOS终端占比略低于安卓。建议投放安卓+iOS双端



**Q：非微信流量下到达率的经验值有多少？**


A：到达率=小程序唤起PV/广告点击PV。安卓到达率约30~55%，iOS到达率约40~65%，到达率将持续优化"
0,房产行业极速版投放端使用指南,"# 功能介绍
## 什么是房产行业极速版投放端？
房产行业极速版投放端是基于行业内海量的投放案例和数据模型，归纳总结出效果最优的投放设置，简化广告创编流程，实现操作步骤最小化，管理人效最大化。广告主无需理解复杂的投放逻辑，只需要简单几步操作即可投放优质广告。

## 它有哪些独特优势？
### 1.极速创建广告：
只需明确素材和落地页，选择投放预算和周期，三步完成广告创建

### 2.智能快速起量：
基于大数据自动出价和定向，由系统进行智能优化，降人力，提效果

### 3.全面支持房迅达：
搭配腾讯房产生态产品房讯达，实现线索收集、管理、核销全闭环链路

## 如何开通？
房产行业极速版投放端基于ADQ平台投放，目前现有账户和新开账户全部都支持进行极速版投放。

# 使用指引
## 如何极速建广告？
1. 账户添加白名单后，将在当日19点左右自动生效。
2. 新建广告时将默认进入极速版投放端创建页面。

![image (12).jpg](https://bbx-pic.gtimg.com/bbx/pictures/2021/211_20211101174939_195593.jpg)

3. 创建创意时有单图和组图两种选择，页面右侧为创意预览，页面**左侧则提供优质创意推荐**，建议大家在创意设置时多多参考推荐创意。

![image (13).jpg](https://bbx-pic.gtimg.com/bbx/pictures/2021/211_20211101174955_864227.jpg)

4. 创建落地页：支持搭建**极速创建/原生推广页/房迅达**三种类型的落地页。
	a. 极速创建：最便捷的创建方式，落地页相对比较简单
	b. 原生推广页：相对极速创建来说，功能更加齐全，适合有一定优化能力的客户
	c. 房讯达小程序：房产行业一站式小程序，链路齐全，效果容易回收

![image (14).jpg](https://bbx-pic.gtimg.com/bbx/pictures/2021/211_20211101175014_109128.jpg)

5. 广告设置
	a. 设置预算、开始日期及推广天数，广告预算会在投放周期内尽可能快的消耗完
	b. 设置投放地域，**推荐投放省市，如果投放区域或商圈可能导致消耗能力弱**

![image (83).png](https://bbx-pic.gtimg.com/bbx/pictures/2021/211_20211101175212_260752.png)

6.投后数据盘点：在【推广管理】界面可以查看极速版投放端广告数据，如果需要更多数据指标，可以打开自定义列选择更多数据。

![image (15).jpg](https://bbx-pic.gtimg.com/bbx/pictures/2021/211_20211101175157_027230.jpg)

## 有哪些优化经验？
### 创意要原生
如果广告点击率低于1.8%，建议一定按照该方法论搭建创意。

* **创意数量**：一个项目至少要有3套创意素材（2套六图+1套卡片）
* **创意内容**：六图建议使用实拍图，可以是风景+户型组合，点击率更高；大图则建议突出文字信息，可以是优惠信息等内容，点击率中等
* **创意文案**：文案需重点突出优惠信息，并结合用户痛点、节日营销等来撰写，同时建议文案内容更加口语话、情景化。推荐大家多参考”创意风向标“里的行业精选内容。

**优秀创意案例：**
![微信图片_20211101175455.png](https://bbx-pic.gtimg.com/bbx/pictures/2021/211_20211101175522_771192.png)

### 落地页需体现核心卖点
如果广告转化率低于 1%，建议一定按照该方法论搭建【极速创建落地页】

* **落地页标题**：一句话提炼核心卖点，如三亚湾旁5字头洋房等
* **表单按钮文案**：找到用户对楼盘的核心诉求，可参考以下文案内容。

**优秀落地页案例：**
![微信截图_20211101175629.png](https://bbx-pic.gtimg.com/bbx/pictures/2021/211_20211101175658_643070.png)
![微信截图_20211101175651.png](https://bbx-pic.gtimg.com/bbx/pictures/2021/211_20211101175717_511533.png)

### 广告设置要合理
如果广告消耗量级较小，建议一定按照该方法论进行广告设置，同时核查前两步。

* **投放地域设置**：尽可能投放省市，若定向过窄可能导致无法起量
* **预算设置**：单条广告总预算设置大于1万，投放时间最少3天

### 其他优化技巧
* **项目素材多样化**：每个项目至少搭建三条广告，每个广告的素材不要重复，最大程度放量
* **衍生视频功能**：衍生视频的成本较高，但放量能力非常强，急需起量且不考虑成本的广告主可以尝试使用（需加白）
* **配置虫洞策略**：如果有投的比较好的老账户，可以把账户模型通过虫洞传递到极速版账户中来（需提供新老账户id）

# 优秀案例
## 案例一：浙江某置业公司
* 投放目标：表单获客
* 投放时长：3天
* 预算完成率：**86%**
* 线索收集量：40+
* 点击率：5.4%，**高于大盘166%**
* 转化率：3.0%，**高于大盘275%**
* 转化成本对比常规投放**降低64%**，搭建时长**大幅度缩短**

![image (16).jpg](https://bbx-pic.gtimg.com/bbx/pictures/2021/211_20211101180130_870663.jpg)

## 案例二：江苏某文旅地产公司
* 投放目标：表单获客
* 投放时长：3天
* 预算完成率：**96%**
* 线索收集量：50+
* 点击率：7.8%，**高于大盘550%**
* 转化率：0.6%
* 转化成本对比常规投放**降低74%**，搭建时长**大幅度缩短**

![image (17).jpg](https://bbx-pic.gtimg.com/bbx/pictures/2021/211_20211101180212_388561.jpg)

## 案例三：江苏某地产开发公司
** 投放目标：表单获客
* 投放时长：3天
* 预算完成率：**88%**
* 线索收集量：30+
* 点击率：5.0%，**高于大盘316%**
* 转化率：0.4%
* 转化成本对比常规投放**降低34%**，搭建时长**大幅度缩短**

![image (18).jpg](https://bbx-pic.gtimg.com/bbx/pictures/2021/211_20211101180311_956207.jpg)

## 案例四：重庆某地产开发商
* 投放目标：表单获客
* 投放时长：5天
* 预算完成率：**86%**
* 线索收集量：80+
* 点击率：1.0%
* 转化率：1.8%，**高于大盘125%**
* 转化成本对比常规投放**降低14%**，搭建时长**大幅度缩短**

![image (19).jpg](https://bbx-pic.gtimg.com/bbx/pictures/2021/211_20211101180354_163366.jpg)

## 案例五：北京某地产开发公司
* 投放目标：表单获客
* 投放时长：5天
* 预算完成率：57%
* 线索收集量：40+
* 点击率：3.9%，**高于大盘225%**
* 转化率：0.8%
* 转化成本对比常规投放**降低20%**，搭建时长**大幅度缩短**

![image (20).jpg](https://bbx-pic.gtimg.com/bbx/pictures/2021/211_20211101180442_153433.jpg)

# 常见问题
## 1.开通极速版白名单后，还能不能进行基础版的广告投放？
可以的。在广告创建页面的右上角点击【切换至基础版】，即可进行基础版和极速版投放的投放模式切换，操作非常方便。

![image (21).jpg](https://bbx-pic.gtimg.com/bbx/pictures/2021/211_20211101180540_756422.jpg)

## 2.MP平台能使用极速版白名单么？
不支持。极速版投放端仅支持ADQ平台投放。"
0,在线预览能力介绍,"{""content"":[{""type"":""rich_text"",""label"":""功能介绍"",""field"":""features"",""content"":""<h2><strong>一、在线预览能力简介</strong></h2><p>通过在线预览功能，在对应的广告位上看到广告的实际展示及跳转效果，感受广告创意的真实播放体验，以此确保广告创意素材符合投放预期。</p><h2><strong>二、在线预览能力生效条件</strong></h2><p>能够成功预览到拉取到广告的条件：</p><ol><li><p>投放在以下广告版位：<img src=\""https://bbx-pic.gtimg.com/bbx/pictures/2021/132_20210301205949_244198.jpg\"" alt=\""在线预览支持的版位.jpg\""/>目前仅支持部分创意形式：<img src=\""https://bbx-pic.gtimg.com/bbx/pictures/2021/132_20210306001717_403809.jpg\"" alt=\""在线预览列表.jpg\""/></p></li><li><p>广告下<strong>至少有一个创意审核通过</strong></p></li></ol><h2><strong>三、在线预览示例</strong></h2><h3>例1：</h3><p>若投放微信公众号与小程序，可在微信公众号对应广告位上进行预览<img src=\""https://qqadapt.qpic.cn/txdocpic/0/a4d958d296e9e937132c1224aba930c6/0?w=876&h=1546\"" alt=\""img\""/></p><h3>例2：</h3><p>若投放微信朋友圈版位，微信朋友圈广告预览效果<img src=\""https://qqadapt.qpic.cn/txdocpic/0/84c905c69f1a2291bc001f1dfbe97bda/0?w=874&h=1570\"" alt=\""img\""/></p>""},{""type"":""rich_text"",""label"":""功能指引"",""field"":""guides"",""content"":""<p><strong>第一步、在ad.qq.com投放管理平台“推广”-“广告”模块（如下图）中，点击广告“操作”栏中“更多”旁边的下拉箭头，在弹窗中点击“在线预览”。</strong></p><p><img src=\""https://bbx-pic.gtimg.com/bbx/pictures/2021/132_20210301204416_486416.jpg\"" alt=\""在线预览入口示意图.jpg\""/>注：为什么有些广告不可以使用“在线预览”？请看“常见问题解答”</p><p><strong>第二步、在弹窗中使用QQ手机版扫描二维码或填写微信号</strong></p><p>对于QQ、腾讯看点、腾讯音乐和腾讯新闻、腾讯视频版位，使用QQ手机版APP 直接扫描二维码，同一个广告可以最多保存二维码并最多分享给50个同事预览<img src=\""https://bbx-pic.gtimg.com/bbx/pictures/2021/132_20210301204422_764098.jpg\"" alt=\""在线预览界面.jpg\""/></p><p>对于微信朋友圈、微信公众号与小程序版位，暂时不支持扫码， 在“微信号”输入框内，可以批量输入微信号，按回车/空格确认，多个微信号用逗号区隔。“微信号”可以在微信APP-“我”界面上找到，同一个推广计划下只有最多50个：<img src=\""https://bbx-pic.gtimg.com/bbx/pictures/2021/132_20210301210849_297727.jpg\"" alt=\""在线预览-微信.jpg\""/></p><p><strong>第三步、 当设置成功后，前往弹窗中提示的广告位所在的APP，使用设置在线预览功能时填写的账号登录APP，在提示的广告位下预览广告。</strong></p><hr/>""},{""type"":""rich_text_list"",""label"":""常见问题"",""field"":""questions"",""content"":[{""question"":"" 1. 为何有些广告无法进行“在线预览”？"",""answer"":""<p>若遇到以下任意一种情况，都会导致无法“在线预览”：</p><ul><li><p>该广告对应的创意形式不在“支持在线预览能力的流量”表格内（不会出现“在线预览”的入口）</p></li><li><p>该广告下的所有创意都没有通过审核（会出现“在线预览”入口，但在设置预览账户之后，告知不能进行在线预览）</p></li><li><p>动态商品广告可使用在线预览查看素材，但可能存在无法打开商品落地页的问题。改问题即将修复上线，敬请期待</p></li></ul>""},{""question"":"" 2. 在线预览体验过程中产生的点击、曝光等数据会进行计费吗？"",""answer"":""<p>不会。</p>""},{""question"":"" 3.在跨多个流量投放时，是否可以使用在线预览能力？"",""answer"":""<p>可以。参考上文“支持在线预览能力的流量”中列举的创意形式表格。如果通投的创意形式及站点集在该表格内，那么在跨流量投放时，也可使用在线预览能力。</p>""},{""question"":"" 4. 目前不支持在线预览能力的流量有哪些？"",""answer"":""<p>联盟创意形式、PC、电视类创意形式，及其他没有在“支持在线预览能力的流量”表格中列举的创意形式</p>""},{""question"":"" 5. 微信朋友圈在线预览能力是否支持？"",""answer"":""<p>已经支持。</p>""},{""question"":"" 6. Marketing API是否支持在线预览能力？"",""answer"":""<p>是，在ad.qq.com投放管理平台支持的在线预览能力范围内“支持在线预览能力的流量”，在Marketing API上也适用</p>""}],""contentKeyConfig"":{""title"":""question"",""content"":""answer""}},{""type"":""rich_text_list"",""label"":""相关课程"",""field"":""courses"",""content"":[{""name"":"""",""content"":""""}],""contentKeyConfig"":{""title"":""name"",""content"":""content""}},{""type"":""link_input"",""label"":""相关资讯"",""field"":""news"",""content"":"""",""contentKeyConfig"":{""title"":""title"",""content"":""url""}}]}"
0,广告创建流程,"{""content"":[{""type"":""rich_text"",""label"":""功能介绍"",""field"":""features"",""content"":""<p>创建一条完整的广告由创建推广计划、设置广告、设置创意组成。你可以在<a href=\""http://https://ad.qq.com/atlas/7499139/admanage/adgroup?adgroup={%22status%22:999}\"">腾讯广告投放管理平台</a>，点击顶部导航右上角或广告管理列表的新建广告开始创建广告。具体如下：</p>""},{""type"":""rich_text"",""label"":""功能指引"",""field"":""guides"",""content"":""<h2>第一步：创建推广计划</h2><h3>一、选择推广计划类型</h3><p>推广计划分为展示广告计划和搜索广告计划：</p><ul><li><p>展示广告计划：常规展示类广告</p></li><li><p>搜索广告计划：QQ浏览器关键词搜索广告</p></li></ul><h3>二、选择对应的推广目标</h3><p>根据你的营销目的选择对应的推广目标，不同推广目标适用营销场景请参考<a href=\""https://e.qq.com/ads/helpcenter/detail?cid=502&pid=2074\"">帮助中心推广目标</a>专项介绍。</p><h3>三、设置计划日预算</h3><p>设置计划日预算，控制一个推广计划下所有广告每日消耗总和的最大值。</p><h3>四、设置推广计划名称</h3><p>设置推广计划名称，为你的计划设置名称，方便管理。</p><p><img src=\""https://bbx-pic.gtimg.com/bbx/pictures/2020/56_20200525111813_596042.png\"" alt=\""0.png\""/></p><h2>第二步：设置广告</h2><h3>一、选择广告形式</h3><p>选择广告形式，分为常规展示广告、商品广告：</p><ul><li><p>常规展示广告：常规投放场景</p></li><li><p>商品广告：适合拥有海量商品投放需求的场景，围绕商品进行批量投放和动态创意生成<img src=\""https://bbx-pic.gtimg.com/bbx/pictures/2020/56_20200525112038_202064.png\"" alt=\""真的222.png\""/></p></li></ul><h3>二、选择目标详情</h3><p>选择目标详情，针对商品推广、应用推广、小游戏推广、门店推广这4种推广目标需在广告层级设置目标详情。</p><p><img src=\""https://bbx-pic.gtimg.com/bbx/pictures/2020/56_20200525112123_714781.png\"" alt=\""真的33.png\""/></p><h3>三、选择广告展现位置</h3><p>选择广告希望展现在哪些流量上，目前提供微信朋友圈、微信公众号与小程序、QQ、腾讯信息流、腾讯音乐、腾讯新闻与腾讯视频、优量汇、PC QQ、QQ空间、腾讯音乐6个版位，你可以按自动版位或指定版位方式选择：</p><ul><li><p>自动版位：系统根据你的广告设置，选择表现更好的位置进行投放，自动版位暂不支持包括微信、应用宝、PC版位</p></li><li><p>指定版位：自行选择想要投放的流量，每个流量的广告样式可参考右侧示意图，微信和非微信流量暂不支持同时选择</p></li></ul><p><em>注：自动版位灰度中，如需使用请联系运营经理开通。</em></p><p><img src=\""https://bbx-pic.gtimg.com/bbx/pictures/2020/78_20200526003025_209809.png\"" alt=\""14.png\""/></p><p>不同推广目标支持的广告版位对应如下</p><table><thead><tr><th>推广目标</th><th>推广目标二级分类</th><th>广告版位</th></tr></thead><tbody><tr><td>商品推广</td><td>-</td><td>微信公众号与小程序<br/>手机QQ<br/>腾讯信息流<br/>腾讯音乐<br/>腾讯新闻与腾讯视频<br/>优量汇<br/>快手<br/>电脑QQ<br/>QQ空间<br/>腾讯音乐</td></tr><tr><td>应用推广</td><td>iOS应用</td><td>微信朋友圈、微信公众号与小程序<br/>手机QQ<br/>腾讯信息流<br/>腾讯音乐<br/>腾讯新闻<br/>腾讯视频<br/>优量汇<br/>快手</td></tr><tr><td>应用推广</td><td>Android应用</td><td>微信朋友圈、微信公众号与小程序<br/>手机QQ<br/>腾讯信息流<br/>腾讯音乐<br/>腾讯新闻<br/>腾讯视频<br/>优量汇<br/>快手</td></tr><tr><td>应用推广</td><td>Android应用（广告包）</td><td>手机QQ<br/>腾讯信息流<br/>腾讯音乐<br/>腾讯新闻<br/>腾讯视频<br/>优量汇<br/>快手</td></tr><tr><td>应用推广</td><td>Android应用（应用宝）</td><td>应用宝</td></tr><tr><td>应用推广</td><td>Android应用（换量应用）</td><td>应用宝</td></tr><tr><td>网页推广</td><td>-</td><td>手机QQ<br/>腾讯信息流<br/>腾讯音乐<br/>腾讯新闻<br/>腾讯视频<br/>优量汇<br/>快手<br/>电脑QQ<br/>QQ空间<br/>腾讯音乐</td></tr><tr><td>品牌活动推广</td><td>-</td><td>微信朋友圈、微信公众号与小程序</td></tr><tr><td>销售线索收集</td><td>-</td><td>微信朋友圈</td></tr><tr><td>小游戏推广</td><td>微信小游戏</td><td>微信朋友圈、微信公众号与小程序<br/>腾讯新闻与腾讯视频<br/>优量汇<br/>快手</td></tr><tr><td>小游戏推广</td><td>QQ小游戏</td><td>手机QQ<br/>腾讯信息流<br/>腾讯音乐<br/>优量汇<br/>快手</td></tr><tr><td>门店推广</td><td>微信门店</td><td>微信朋友圈</td></tr><tr><td>门店推广</td><td>QQ门店</td><td>手机QQ<br/>腾讯信息流<br/>腾讯音乐<br/>腾讯新闻<br/>腾讯视频</td></tr><tr><td>QQ消息推广</td><td>-</td><td>手机QQ<br/>腾讯信息流<br/>腾讯音乐</td></tr></tbody></table><h3>四、选择投放目标人群</h3><p>选择广告想要投放的目标人群，提供人口学属性、用户行为、自定义人群、设备定向等多种维度的人群标签，详情可点击“定向能力”专题了解。<img src=\""https://bbx-pic.gtimg.com/bbx/pictures/2021/81_20210316095746_739967.jpg\"" alt=\""5666615859806149.jpg\""/>*注意事项：定向设置过程中可参考右侧预估最大日曝光量，避免设置定向过窄影响广告推广效果。</p><ul><li><p><img src=\""https://bbx-pic.gtimg.com/bbx/pictures/2020/81_20200529202442_605317.png\"" alt=\""人数预估.png\""/></p></li></ul><h3>五、设置广告投放时间、出价和日预算</h3><ul><li><p>投放时间：广告仅在投放的日期和时间段范围内向用户展示</p></li><li><p>出价和预算：出价和预算会影响广告获得曝光的次数，系统会根据你的广告设置提供建议出价范围，你也可自行设置一个出价。不同版位和创意形式支持的出价方式不同，详情请参考“售卖策略”专项介绍。<img src=\""https://bbx-pic.gtimg.com/bbx/pictures/2020/78_20200526003113_900170.png\"" alt=\""7.png\""/></p></li></ul><h3>设置广告名称</h3><p>设置广告名称，为你的广告设置名称，方便管理。<img src=\""https://bbx-pic.gtimg.com/bbx/pictures/2020/78_20200526003236_488699.png\"" alt=\""15.png\""/></p><h2>第三步：设置创意</h2><h3>一、选择广告在流量上的呈现样式</h3><p>选择广告在流量上的呈现样式，填写对应样式所需的内容。不同广告版位下相同创意形式需填写的信息有所差异，具体请参考“广告形态”专项介绍。</p><p><img src=\""https://bbx-pic.gtimg.com/bbx/pictures/2020/56_20200525113204_832507.png\"" alt=\""真的999.png\""/></p><p>*注意事项：创意内容填写过程中，可在右侧实时预览创意效果，或填写完成后进行完整预览。</p><ul><li><p><img src=\""https://bbx-pic.gtimg.com/bbx/pictures/2020/81_20200529203231_443505.png\"" alt=\""创意预览.png\""/></p></li></ul><p>*注意事项：创意填写完成后，可点击“素材自助检测”进行创意自助审核检测，提高审核通过率。</p><ul><li><p><img src=\""https://bbx-pic.gtimg.com/bbx/pictures/2020/81_20200529203251_913722.png\"" alt=\""创意检测.png\""/></p></li></ul><h3>二、提交广告</h3><p>完成推广计划-广告-广告创意的设置后，点击“提交”，将会呈现你所设置的信息，确认无误后点击“提交广告”即可完成广告创建。<img src=\""https://bbx-pic.gtimg.com/bbx/pictures/2020/56_20200525113506_804602.png\"" alt=\""确认3333.png\""/></p><p>广告提交成功后，广告进入审核阶段，你可在弹窗中快捷选择复制广告或继续新建广告。<img src=\""https://bbx-pic.gtimg.com/bbx/pictures/2020/78_20200526003327_259078.png\"" alt=\""13.png\""/></p>""},{""type"":""rich_text_list"",""label"":""常见问题"",""field"":""questions"",""content"":[{""question"":"""",""answer"":""""}],""contentKeyConfig"":{""title"":""question"",""content"":""answer""}},{""type"":""rich_text_list"",""label"":""相关课程"",""field"":""courses"",""content"":[{""name"":"""",""content"":""""}],""contentKeyConfig"":{""title"":""name"",""content"":""content""}},{""type"":""link_input"",""label"":""相关资讯"",""field"":""news"",""content"":"""",""contentKeyConfig"":{""title"":""title"",""content"":""url""}}]}"
0,腾讯广告私域管理规范,"## 一、目的 

为尽可能保障用户的合法权益不受侵害，规范广告主的私域广告引流和运营等推广活动，提升腾讯广告平台的服务质量和用户体验，制定本规则。

## 二、释义

除非另有明确规定，否则，下列词语在本规范中具有如下含义:

1、**私域流量**：指广告主通过广告等方式，将公共领域或其他平台等渠道中的用户引导至广告主管理或控制的公众号、微信群、视频号、服务平台等私域中（简称“私域”）形成的用户群体。

2、**私域广告引流**：指广告主通过线上广告形成私域流量的过程，如投放广告引导用户添加或关注企业营销工具号、企业即时通讯工具号以及多人群组等。

3、**私域运营**：指广告主对私域流量开展产品或服务的信息介绍、宣传和推广等运营行为。

4、**企业营销工具号**：指广告主为了实现营销目的而使用的，面向公众的营销工具账号，如公众号、服务号、视频号等。

5、**企业即时通讯工具号**：指广告主为了实现营销目的，所使用的企业微信、企点QQ等归属于广告主的即时通讯工具账号，以及由广告主使用的个人微信账号、个人QQ账号等个人即时通讯账号。

6、**备案企业营销工具号**：由广告主根据腾讯广告平台规则于腾讯广告平台备案的，且广告主拥有实际控制权与合法使用权的企业营销工具号。广告主须对合格企业营销工具号发生的行为承担全部责任。

7、**备案企业即时通讯工具号**：由广告主根据腾讯广告平台规则于腾讯广告平台备案的，且广告主拥有实际控制权与合法使用权的企业即时通讯工具号。广告主须对合格企业即时通讯工具号发生的行为承担全部责任。

   **（“备案企业营销工具号”与“备案企业即时通讯工具号”以下合并简称“备案企业工具号”）**
## 三、适用范围 
本规范适用于腾讯广告平台广告主。

## 四、私域规范
**1、私域广告引流及运营规范**

1.1、企业即时通讯工具号/企业营销工具号的使用要求：

1.1.1、广告主应通过备案企业工具号开展私域广告引流和私域运营活动。

1.1.2、广告主不得使用备案企业工具号以外的工具账号开展私域广告引流和私域运营，包括但不限于非经广告主确认归属的个人即时通讯账号，以及个人微信群、个人QQ群等多人群组等。

1.1.3、广告主不得通过广告引导用户添加或关注备案企业工具号以外的工具账号。

1.1.4、广告主不得使用仿冒、虚假的企业即时通讯工具号或者企业营销工具号。

1.1.5、广告主在使用企业即时通讯工具号、企业营销工具号时需要遵守相关工具对应的协议及规则，包括不限于本规范、[《腾讯企业微信软件许可及服务协议》](http://work.weixin.qq.com/nl/eula)以及[《微信个人账号使用规范》](https://weixin.qq.com/cgi-bin/readtemplate?t=page/agreement/personal_account)。

1.2、私域广告链路宣传方式要求：广告主不得使用以下形式诱导\强制用户添加或关注广告主的企业即时通讯工具号或企业营销工具号：

1.2.1、使用虚假、欺诈或冒充等内容，如虚假活动信息、虚假用户体验收集、虚假互动等形式。

1.2.2、利用虚假系统消息诱导用户添加或关注，如“你有一个新好友待认识”、“你有一个新红包添加后可领取”等虚假消息。

1.2.3、使用绝对化承诺用语，夸大效果诱导用户添加，如“加入了解财富密码走上人生巅峰”、“快来了解包治百病的秘密”等内容。

1.2.4、以通过隐藏部分信息的方式强制用户添加私域链路，如“添加后可免费获取全套产品必要信息”等内容。

1.2.5、使用受益人、专业人士\机构的名义，如介绍添加的客服是“专家”、“神医”、“患者自述”等形式。

1.2.6、借用国家机关的名义，误导用户可获得特殊权利，或其他让用户产生混淆的形式。

1.2.7、使用提供非法利益、违规内容的形式，如“无删减版资源分享”、“这里有更多的美女供你选择”等内容。

1.2.8、未经授权使用他人姓名、肖像诱导用户添加，如“XX明星与你分享美丽秘诀”等。

1.2.9、使用其他违反法律法规、公序良俗或可能造成重大不良影响的描述来诱导用户添加，如“治疗神方添加获得”、“政策专供商品”、“牛股指南”等。

**2、私域运营行为规范**

2.1、不得出现国家法律法规禁止的内容，包括但不限于：

2.1.1、不得出现反对宪法所确定基本原则，危害国家安全、泄露国家秘密、颠覆国家政权、破坏国家统一 、损害国家荣誉和利益的内容。

2.1.2、不得出现反政府、反社会，或存在煽动性的涉政言论、散布谣言，扰乱社会秩序，破坏社会稳定。

2.1.3、不得出现煽动民族仇恨、民族歧视、破坏民族团结、破坏国家宗教政策、宣扬邪教和封建迷信。

2.1.4、不得出现赌博、竞猜和抽奖类信息，如：

* 不得出现以虚拟货币或真实货币直接进行押输赢、竞猜、参与赌博等内容；

* 不得出现可根据玩家输赢结果进行抽水、分成等后果的内容；

* 不得出现其他被认定为宣扬赌博色彩的内容。

2.1.5、不得出现血腥暴力内容，如人或动物杀戮、致残、枪击、针刺或其他伤害的图例。

2.1.6、不得出现淫秽、色情或低俗信息，如：

* 不得含有淫秽、色情内容，如招嫖、寻找一夜情、性伴侣等内容；

* 不得使用情色文字、情色视频、情色漫画等内容；

* 不得传播相关部门禁止传播的色情和有伤社会风化的文字、音视频内容。

2.1.7、不得传播非法色情交易，如直接或隐晦表现性行为、具有挑逗性或者侮辱性内容。

2.1.8、不得传播性药、性保健品、性用品和性病治疗营销信息等相关内容。

2.1.9、不得传播可能危害未成年人身心健康的内容，如：

* 不得宣扬低俗、恶俗、媚俗、奢靡享乐、攀比炫富、腐文化、不良价值取向、渲染师生/同学矛盾、校园霸凌、血腥暴力、恐怖迷信、恋童虐童、诱导自残、博彩、欺诈等内容；

* 不得含有劝诱未成年人要求家长购买商品或服务的内容；

* 不得含有可能引发未成年人模仿不安全行为的内容；

* 不得向未成年人传播推广医疗服务、药品、保健食品、医疗器械、化妆品、烟酒以及美容服务的内容；

* 不得含有诱导、怂恿、暗示未成年人过度游戏等不利于其身心健康的网络游戏内容。

2.1.10、不得出现其他任何违反法律法规及腾讯平台规则的内容。

2.2、不得出现腾讯广告平台禁止的内容，包括但不限于：

2.2.1、不得出现与广告宣传信息不一致的内容，如广告宣传免费试用，在私域运营中要求用户支付体验费、手续费等；

2.2.2、不得推销不具备资质的商品及服务，如普通食品行业广告主在私域运营中推广保健食品，药品信息服务广告主在私域运营中销售药品等，详细资质要求可参见[《腾讯广告平台行业资质要求》](http://e.qq.com/ads/helpcenter/detail?cid=386&pid=1798)。

2.2.3、不得出现不符合[《腾讯广告素材审核规范》](http://e.qq.com/ads/helpcenter/detail?cid=423&pid=1924)的宣传及推销，如金融行业广告主禁止宣传“保障收益无风险”，医疗行业广告主禁止对产品功效作出断言或保证。

2.2.4、不得在私域运营过程中引导用户添加合格企业工具号以外的工具账号。

2.2.5、不得违反[《腾讯广告平台禁投列表》](http://e.qq.com/ads/helpcenter/detail?cid=476&pid=1977)，在私域中提供不符合腾讯广告平台规则的商品及服务。


## 五、处理措施

腾讯有权对广告主的备案企业工具号进行不定期抽查核验，包括但不限于广告投放审核环节；同时有权根据本规范对相关行为或内容进行独立判断，并依据《腾讯广告平台广告主违规处罚条例》采取包括警告、下线广告、冻结及封停账号等处理措施。

详细规则：[《腾讯广告平台广告主违规处罚条例》](http://e.qq.com/ads/helpcenter/detail?cid=579&pid=2086)

## 六、发布及生效时间
本规范于2021年7月26日发布，发布即生效。

## 七、特别申明
本规范是为进一步提升腾讯广告平台健康的生态环境以及维护用户合法权益而进行的平台内管理措施。腾讯公司并不因制定及实施本规范而承担额外的法律义务或法律责任。广告主应严格遵守法律法规以及本规范开展私域广告引流和私域运营，不得实施侵害用户合法权益的行为。同时，广告主应当自行承担其私域引流和运营行为导致的所有后果及责任，包括但不限于对用户的侵权责任、接受腾讯广告平台的处罚等，腾讯不对广告主的相关行为提供任何保证、承诺或担保。"
0,本地行业广告素材准备指南,"# 使用指引
## **广告文案建议**
### 1. 内容
建议主标题对齐内层突出优惠，如【满100减50】；副标题集中展示产品特点，比如餐饮行业可从从口感、味道、食材等入手。

### 2. 常见错误案例
例1: 过分修饰较难打动人。如“一段自然的旅途，一场难忘的聚会。”
例2: 仅告知产品名称，未说明详情。如“一节钢琴课。”

## **广告图片建议**
### 1. 拍摄内容
图片展示的信息，常见分为5种常用类型，如是产品展示类、优惠折扣类、人物形象类、场景类和门店风采类。类型可以叠加使用，如人物形象+优惠折扣。
![1.jpeg](https://bbx-pic.gtimg.com/bbx/pictures/2021/284_20210908194408_881561.jpeg)

**类型一：产品展示类**
选取招牌/营销产品进行拍摄，建议使用纯色或者干净背景，主体突出，产品占画面至少二分之一，整体色调鲜明。
![2.jpeg](https://bbx-pic.gtimg.com/bbx/pictures/2021/284_20210908194612_361554.jpeg)

**类型二：优惠折扣类**
聚焦产品的优惠及亮点，图片文案少、字号选择能看清的大小。
![3.jpeg](https://bbx-pic.gtimg.com/bbx/pictures/2021/284_20210908194757_260585.jpeg)

**类型三：人物形象类**
人物选择名人/明星代言，或选择外貌形象佳且衣着整洁素人，使用纯色或干净背景，光线明亮，人物占画面二分之一，人物可居中，像素清晰，色彩鲜明。人物与产品可有互动行为，勾起用户消费欲望。
![4.jpeg](https://bbx-pic.gtimg.com/bbx/pictures/2021/284_20210908194807_987460.jpeg)

**类型四：场景类**
通过产品制作细节突出菜品精致度以及餐厅厨师工匠精神，或通过与明星、热门IP合作，提升品牌热度。
![5.jpeg](https://bbx-pic.gtimg.com/bbx/pictures/2021/284_20210908194811_870961.jpeg)

**类型五：门店风采类**
可展示聚会等活动主题、门面展示、产品制作细节等，光线明亮，图片清晰，避免出现路人、车辆等杂物。
![6.jpeg](https://bbx-pic.gtimg.com/bbx/pictures/2021/284_20210908194814_826999.jpeg)

### 2.拍摄技巧
拍摄角度可以选择45度顶视、顶视和平拍。
![7.jpeg](https://bbx-pic.gtimg.com/bbx/pictures/2021/284_20210908194822_384741.jpeg)"
0,腾讯广告创意小程序上线,"# 功能介绍
为了方便优化师和设计师们随时随地查看创意，腾讯广告近日推出创意排行榜小程序版，扫描下方小程序码即可马上进入体验，同时建议大家点击小程序右上角，添加到我的小程序里。   
![5.png](https://bbx-pic.gtimg.com/bbx/pictures/2021/178_20210812113143_882928.png)            
**● 搜罗腾讯全流量广告创意 助你获得前沿创意灵感**

腾讯广告创意小程序是腾讯广告官方提供的创意指导工具，目前提供热门排行榜和黄金3秒榜。

其中热门排行榜精选在统计周期内（7天、15天、30天），曝光量和点击率综合排在所属二级行业TOP10%的创意。

黄金3秒榜精选在统计周期内（7天、15天、30天），3秒完播率在所属二级行业TOP10%的创意。

注：3秒完播率=视频前3秒完整播放次数/视频播放总次数。


# 使用指引
**● 手机端沉浸式观看筛选排序 随时随地刷创意**

1. 在列表页点击创意任意位置，即可进入沉浸式浏览模式。
![5.1.jpg](https://bbx-pic.gtimg.com/bbx/pictures/2021/178_20210812113254_560785.jpg)
2. 支持按照创意类型、行业、统计周期、投放版位、创意市场（仅视频）筛选。并支持按照曝光量、点击率、转化率（点击转化率）、曝光转化率进行降序排序。
![5.2.png](https://bbx-pic.gtimg.com/bbx/pictures/2021/178_20210812113311_001361.png)
3. 支持多种场景下，点击预览标识，进入预览页面，切换投放版位，预览投放样式。
![5.3.png](https://bbx-pic.gtimg.com/bbx/pictures/2021/178_20210812113331_608494.png)
4.点击列表页创意卡片其他区域便可进入创意详情页。
![5.4.png](https://bbx-pic.gtimg.com/bbx/pictures/2021/178_20210812113352_302818.png)

进入详情页后，优化师可查看数据概览、受众互动分析（仅视频）、行业受众分析。

● 数据概览：展示的创意曝光量、点击量、转化量、播放量（仅视频）脱敏数据

● 受众互动分析（仅视频）：展示视频播放量曲线（点击量和流失量曲线预计六月底上线）

● 行业受众分析：展示该创意所属二级行业下的受众性别、年龄、地域分布，可以切换查看不同环节的人群分布（观看、点击、转化、完播）
![5.5.png](https://bbx-pic.gtimg.com/bbx/pictures/2021/178_20210812113424_911705.png)
**● 随手转发分享优质案例  创意协同效率高**

腾讯广告创意小程序支持创意分享，当看到优质创意时，点击右上方分享按钮即可快速分享给客户、合作伙伴和团队设计师，提升创意协同效率。分享方式如下：

* 列表页创意卡片中，点击右上角分享该条创意给微信好友

* 列表页视频结束页，点击微信图标分享该条创意给微信好友

* 视频创意沉浸模式中，点击右下角分享该条创意给微信好友

* 创意详情页中，点击右下角分享该条创意给微信好友 
![5.6.png](https://bbx-pic.gtimg.com/bbx/pictures/2021/178_20210812113514_433142.png)
快扫码体验这场神奇的创意漫游吧。
![5.7.png](https://bbx-pic.gtimg.com/bbx/pictures/2021/178_20210812113533_581736.png)"
0,【网页推广】推广目标下线计划,"# 功能介绍
## **腾讯广告「网页推广」推广目标下线公告**
                                                
  
发布时间：2021年7月9日
	 
	 
尊敬的广告主：
您好，
为进一步提升投放效率与体验，平台计划将于**2021年8月15日**起，针对竞价展示广告逐步下线网页推广目标。请您及时切换推广目标，避免影响您的广告营销投放，如果您在使用过程中仍有疑问，可以联系对接运营，我们会及时响应您的问题。 感谢您的支持与理解。


### 【下线时间】
* <font color=""#FF0000"">2021年8月15日</font>后不支持使用「网页推广」推广目标创建广告、包括复制、批量复制；

* <font color=""#FF0000"">2021年9月15日</font>后不支持编辑「网页推广」推广目标的广告，建议更换其他推广目标重新创建广告进行投放；

### 【涉及行业】
*   本次下线涉及行业范围：
 <a href = ""https://docs.qq.com/sheet/DWmRhanNNbE5HcUtn"" target = ""blank""/> 点击查看本次下线行业范围：<font color=""#FF0000"">https://docs.qq.com/sheet/DWmRhanNNbE5HcUtn</font></a>
 
*  （*本次不含电商相关行业，ADQ投放端客户可以通过右上角，进入【账户中心】查看账户所属行业）
 ![22223.png](https://bbx-pic.gtimg.com/bbx/pictures/2021/81_20210709165734_526780.png)

### 【下线提示】
* 创建新广告使用「网页推广」目标时会进行下线提示
![1111.png](https://bbx-pic.gtimg.com/bbx/pictures/2021/81_20210709164311_894848.png)
* 选择已有的推广计划含「网页推广」目标时，会进行下线提示
![222.png](https://bbx-pic.gtimg.com/bbx/pictures/2021/81_20210709164246_664438.png)
 

### 【切换方式】
结合您投放广告目标的场景，可切换其他推广目标进行广告的投放
* 应用下载相关实现应用的拉新、拉活可以使用 「Android 应用推广」目标或「IOS 应用推广」目标
* 客资线索表单收集品牌宣传可以使用「品牌活动推广」目标或「销售线索收集」推广目标
* 商品相关推广购买、下单等建议使用「电商推广」推广目标。



如果您是开发者，可以前往Marketing API官网查看涉及api字段下线信息：
 <a href = ""https://developers.e.qq.com/news/info/20210708"" target = ""blank""/> https://developers.e.qq.com/news/info/20210708</a>



请您及时切换，避免影响您的广告营销投放。如果您在使用过程中仍有疑问，可以联系对接运营，我们会及时响应您的问题。
感谢您的支持与理解"
0,智能投手,"{""content"":[{""type"":""rich_text"",""label"":""功能介绍"",""field"":""features"",""content"":""<h2>产品介绍</h2><p>智能投手是为了解决客户日常面临的投放量级大、投放及管理成本高，以及广告效果变化频繁、实时盯盘优化门槛高等效率与效果问题而产生的。\n其核心目标是帮助客户提升投放的效率，释放日常运营人力；同时，结合行业特性，为客户提供半自动或者全自动的智能投放解决方案。</p><h2>核心能力</h2><ul><li><p>跨账户批量创建：客户可跨账户，根据“版位x定向x素材x落地页”的方式，自动批量创建广告，有效提升广告创建的效率。</p></li><li><p>跨账户自定义托管：客户可提前定义托管的条件等信息，系统会定时自动为客户进行服务号消息推送或执行对应的操作，保证线上账户跟广告的监控及时性。</p></li><li><p>一键托管（灰度中）：根据优质客户的操作习惯及行业投放特点，系统会自动为客户监控线上广告并及时调优，保证最终的投放效果。<img src=\""https://bbx-pic.gtimg.com/bbx/pictures/2021/212_20210301214848_307629.JPG\"" alt=\""幻灯片4.JPG\""/></p></li></ul>""},{""type"":""rich_text"",""label"":""功能指引"",""field"":""guides"",""content"":""""},{""type"":""rich_text_list"",""label"":""常见问题"",""field"":""questions"",""content"":[{""question"":"""",""answer"":""""}],""contentKeyConfig"":{""title"":""question"",""content"":""answer""}},{""type"":""rich_text_list"",""label"":""相关课程"",""field"":""courses"",""content"":[{""name"":""智能投手-新功能操作及案例分享"",""content"":""<p><a href=\""https://edu.tencentads.com/Training/Detail/fa8e883e-aec\"" target=\""_blank\""><img src=\""https://bbx-pic.gtimg.com/bbx/pictures/2021/257_20211104172653_531286.png\"" style=\""width: undefined;height: undefined;\""/></a></p>""},{""name"":""智能投手-优化师提效专题"",""content"":""<p><a href=\""https://edu.tencentads.com/Training/Detail/39648004-0d5\"" target=\""_blank\""><img src=\""https://bbx-pic.gtimg.com/bbx/pictures/2021/257_20211104172855_170801.png\"" style=\""width: undefined;height: undefined;\""/></a></p>""},{""name"":""智能投手操作流程培训"",""content"":""<p><a href=\""https://edu.tencentads.com/Training/Detail/24d91edd-023\"" target=\""_self\""><img src=\""https://bbx-pic.gtimg.com/bbx/pictures/2021/257_20211104173017_205904.png\"" style=\""width: undefined;height: undefined;\""/></a></p>""}],""contentKeyConfig"":{""title"":""name"",""content"":""content""}},{""type"":""link_input"",""label"":""相关资讯"",""field"":""news"",""content"":[{""title"":""自定义托管复制类操作支持复合设置"",""url"":""https://e.qq.com/latestnews/detail/?pid=5778""},{""title"":""“批量新建”功能全量上线"",""url"":""https://e.qq.com/latestnews/detail/?pid=5310""},{""title"":""投放端支持查看自定义托管已设置的规则及执行记录"",""url"":""https://e.qq.com/latestnews/detail/?pid=5550""},{""title"":""自定义托管支持协作者查看同账户已有的托管规则"",""url"":""https://e.qq.com/latestnews/detail/?pid=5415""}],""contentKeyConfig"":{""title"":""title"",""content"":""url""}}]}"
0,跳转厂商应用商店,"# 功能介绍
## ** 什么是厂商应用商店直达能力？** 
在安卓应用推广下载安装链路，开启厂商应用商店后，可实现原点击广告下载应用场景直接跳至用户手机的应用商店进入推广应用的详情页，进行下载安装。因此，并确保应用在华为、OPPO、VIVO、小米应用商店上架，未上架的厂商请在“设备品牌型号”定向中屏蔽，否则将导致跳转失败。


## 解决痛点和注意事项
### 1、问题：
1) 由于部分手机厂商会在广告包下载完成后，安装开始前，进行「安装权限验证」、「用户身份验证」、「引导去厂商下载」等劫持步骤，提升用户放弃下载安装的可能性，继而使安装率降低


2) 导致广告的转化数据归因不准确，无法准确评估广告效果；对预估模型准确性有干扰，影响后续广告的投放的起量和成本稳定
### 2、方案：

由于以上问题，腾讯广告特推出厂商应用商店直达功能，支持在点击下载app的环节，实现直接跳转到用户手机的应用商店并进入该应用详情页，直接进行下载并且安装，可规避安装权限验证、用户身份验证和厂商劫持三个环节，提升app安装率；

![1111111.png](https://bbx-pic.gtimg.com/bbx/pictures/2021/77_20210819203631_852906.png)


### 3、使用注意事项


1、确保应用在厂商有上架，针对应用未上架的厂商请在“设备品牌型号”定向中屏蔽，否则将导致跳转失败；
（示例：比如王者荣耀APP应用，没有在小米应用市场上架，需要屏蔽小米机型）
![222.png](https://bbx-pic.gtimg.com/bbx/pictures/2021/77_20210816203140_288689.png)

2、腾讯平台与内容媒体版位默认支持 4 家（华为、OPPO、vivo、小米应用商店）；

3、优量汇版位默认支持 13 家（华为、小米、OPPO、vivo、荣耀、三星、魅族、中兴、红米、努比亚、realme、一加、360应用商店）
   注意事项：需要广告主在广告包上架应用时填写当前应用在各厂商应用商店的上架市场信息，当投优量汇流量时用来决定是否调起厂商应用商店下载，如未上架会自动还原到客户端下载器下载应用。

操作流程：入口-资产-应用管理平台
![eb928dbc5b970b9fc9b9e6cb9e9a9127.png](https://bbx-pic.gtimg.com/bbx/pictures/2021/77_20210924162619_234231.png)

找到对应应用，点击修改主线包

![123WX20210924-162738.png](https://bbx-pic.gtimg.com/bbx/pictures/2021/77_20210924162746_353264.png)
		 ![.](https://bbx-pic.gtimg.com/bbx/pictures/2021/77_20210922153752_157761.)
		 
设置已上架的应用市场
 ![7aaa5fc4a5ce9bcdc2bc0a1b7685af6f597.png](https://bbx-pic.gtimg.com/bbx/pictures/2021/77_20210924162845_807304.png)



4、微信流量（朋友圈、公众号与小程序版位），仅在原生推广页中支持厂商，开启后默认支持 4 家（华为、OPPO、vivo、小米应用商店），第四章有详细做介绍；



### 3、效果
实验阶段证明，网服、电商等行业客户使用厂商商店直达功能，部分广告主点击-激活率可提升15%-200%不等。开启厂商直达能力并非对所有行业客户都有明显效果，需客户结合自身产品调性、投放流量等因素测试探索最佳链路，建议优先建多组实验广告测试转化效果后确定放量节奏。


# 使用指引

### ADQ投放平台使用：

1. 推广目标：Android应用
2. 广告版位：自动版位、或特选择版位中包含 优量汇/腾讯新闻与腾讯视频/QQ&腾讯看点 任意版位时，
3. 支持创意形式规格：横版大图16:9、竖版大图9:16、横版视频16:9、竖版视频9:16、横版三小图3:2等
4. 广告创意层级：开启跳转厂商应用商店
![WX20210816-202209.png](https://bbx-pic.gtimg.com/bbx/pictures/2021/77_20210816202226_530848.png)
5、针对微信朋友圈、公众号与小程序版位**不支持广告创意模块使用厂商，需在原生推广页中进行厂商跳转配置**

  1）. 原生推广页中选择“下载应用”组件，选在下载我的Android 应用
  2）. 支持能力勾选跳转应用商店下载，填写应用商店包名
![0.png](https://bbx-pic.gtimg.com/bbx/pictures/2021/77_20210817094007_814053.png)


### API使用：
一、非微信流量

1. 非微信广告在新建（adcreatives/add）和更新（adcreatives/update）广告创意时，可开启/关闭厂商商店直达功能。
2. 涉及接口：adcreatives/add、adcreatives/update、adcreatives/get
3. 字段：union_market_switch
![oF0-am2LZd9gIBKONq1zGw.png](https://bbx-pic.gtimg.com/bbx/pictures/2021/77_20210816202345_587664.png)
接口文档：https://developers.e.qq.com/docs/api/adsmanagement/adcreatives/adcreatives_add?version=1.1&_preview=1

二、微信流量
1. 微信流量，在原生推广页中可开启厂商直达功能
2. 涉及接口：创建微信原生页（wechat_pages/add）、获取微信原生页（wechat_pages/get）
3. 涉及字段：app_market_package（厂商应用商店包名,不为空则开启厂商应用商店下载）
4. 接口文档：https://developers.e.qq.com/docs/api/business_assets/wechat_pages/wechat_pages_add?version=1.1&_preview=1

	
### 在蹊径落地页中使用： 
**一、 蹊径落地页 - 制作端操作流程：** 
1、 厂商直达配置： 

a) 操作流程：选择Android落地页，在落地页设置中打开跳转商店开关；

![2222.png](https://bbx-pic.gtimg.com/bbx/pictures/2021/77_20210819150854_746271.png) 
（注：当前厂商直达功能仅支持在oppo、vivo、华为、小米上生效，其他手机品牌将会使用现有下载逻辑；如果广告主未在对应厂商上传app包，则也不会跳转成功。）

b) 页面其他素材正常配置即可；

c) 如果落地页中配置了多个下载按钮或图片热区，则点击任何按钮都会进行应用商店跳转。

2、 落地页创建完成后，点击【保存/送审】即可；

3、 落地页进行赠送操作时会清除厂商直达相关的配置；


**二、蹊径落地页 - 播放端流程：** 

1、 针对流量端已开白的广告主投放的广告，在已支持厂商直达的手机品牌下，会进行厂商直达跳转，在未支持的手机品牌下，会按照原有下载链路唤起下载； 

2、 如果厂商直达跳转失败，则会按照原有下载链路唤起下载；

![9999.png](https://bbx-pic.gtimg.com/bbx/pictures/2021/77_20210819205950_450876.png)

**三、 广告投放操作流程** 

1、 在广告创意层不进行厂商直达配置，否则不会进入落地页；
2、 流量端白名单申请：需联系行业运营申请开通流量端白名单；"
0,微电影视频衍生产品介绍,"# 功能介绍
### 1. 什么是微电影视频衍生

**产品简介**：将广告中原有的图片（或视频）智能合成新的视频创意，插入到原广告中混投。

**视频合成逻辑**：开启自动衍生视频创意功能后，媒体根据广告主的投放数据以及上传的素材, 通过策略匹配效果最佳的视频模板、音乐和动效生成新视频，并将视频插入原来广告中形成混投。

**针对痛点**：客户制作视频创意费时久，成本高，同时视频跑量效果无法保证。
![5.jpg](https://bbx-pic.gtimg.com/bbx/pictures/2021/178_20210817150313_750676.jpg)

*以上4个图片创意只是示例，投放时建议最好是1-4个。

### 2. 好处

开启自动衍生视频创意能力，可在成本达成下，获得10%~15%视频增量消耗。

a. 效率高：快速生成视频素材，减低视频制作成本

b. 自动化：创意优选，自动把流量倾斜到较好的创意（图文/视频）

c. 起量快：视频创意复用图文广告数据来跑量

d. 覆盖快：一条广告可以跑图文+视频广告位

### 3. 效果
a.开启视频衍生后广告条均消耗优于未开启视频衍生，在综合电商、食品、旅游行业尤为显著。食品行业开启视频衍生的条均广告消耗为未开启的2.7倍，旅游行业开启视频衍生的条均消耗为未开启的2.4倍，综合电商平台开启视频衍生的条均消耗为未开启的1.4倍。
![5.1.jpg](https://bbx-pic.gtimg.com/bbx/pictures/2021/178_20210817150242_648209.jpg)

b.开启视频衍生后，可获得10%~15%的增量视频消耗。例如综合电商平台增加18%视频消耗、旅游增加42%增量视频消耗。
![5.2.jpg](https://bbx-pic.gtimg.com/bbx/pictures/2021/178_20210817150440_989331.jpg)

### 4. 合成视频效果&模板示例

根据广告主行业、广告创意已有的素材数量和素材特征，结合历史广告优秀素材特征分析，智能地套用模板或使用算法混剪能力，合成全新的视频。

有以下几种方式（如果有想要使用的模板形式可联系对应的运营提交模板制作申请）

[单图模板 ](http://adsmind.gdtimg.com/ads_svp_video__0b6byqaawaaa54akmbgzbnprvraebpcaac2a.f40.mp4?dis_k=b022f4d211abae404a48b6f5b8d14179&dis_t=1608101254&m=be0d19d8eb52bc5eabda51a9222197bd)
![5.4.png](https://bbx-pic.gtimg.com/bbx/pictures/2021/178_20210817150556_276199.png)
[多图卡点混剪](http://adsmind.gdtimg.com/ads_svp_video__0b6bxmabaaaaiqaj7pxeczprvoyecc5qaeca.f40.mp4?dis_k=b7dd114d3ac055f6879bcdacefbc3889&dis_t=1608814604&m=d0b9a4e44cecc8d413f1e5137c65491d)
![5.3.png](https://bbx-pic.gtimg.com/bbx/pictures/2021/178_20210817150638_620773.png)
[ 按钮微动](http://adsmind.gdtimg.com/ads_svp_video__0b6briabaaaawmaicoxec5prvcqeccfaaeca.f40.mp4?dis_k=dd23d6e3a1598e0ca6d518031c9261d7&dis_t=1608814948&m=d2e513f4bd602826ca4b8b5366c997d1)  
![5.5.png](https://bbx-pic.gtimg.com/bbx/pictures/2021/178_20210817150713_921987.png)
[3D特效](http://adsmind.gdtimg.com/ads_svp_video__0b6bzuabwaaa4aaiudhednprvtiedpgqag2a.f40.mp4?dis_k=2941b14e905fc87dc5f4082d60e4ca7d&dis_t=1608814903&m=8ea426557f3608b0f9bfdcc56eb0e202)
![5.6.png](https://bbx-pic.gtimg.com/bbx/pictures/2021/178_20210817150750_871243.png)
已上线模板参考[https://chuangyi.qq.com/market/#/videoTemplate](https://chuangyi.qq.com/market/#/videoTemplate)

[通用类弹幕样式](http://adsmind.gdtimg.com/ads_svp_video__0b6b4aaa6aaao4agr77bbfprvyaeb7qaad2a.f40.mp4?dis_k=dccbeb0bb5f262e94722be03156bcfd0&dis_t=1608607707&m=bbb2a69da28a0e63d375005293afa9ea)，[趣味展示类样式](http://adsmind.gdtimg.com/ads_svp_video__0b6b5uaaeaaai4akr4ozavprv3iealwqaasa.f40.mp4?dis_k=38a821d76199ca65c2fe401866584ad0&dis_t=1608100654&m=c520e415c213baf4657539b612099887)，[左下角弹幕气泡](http://videomaker-30171.sz.gfp.tencent-cloud.com/3e3f8497cc1a058cd520317c94062ce1e144508d)

### 5. 案例说明
[衍生视频优选案例集](https://docs.qq.com/doc/DRmdYcVlGemptbU56?)

**图片衍生视频：**

【案例一】综合平台电商-腾讯视频流量

横版大图智能匹配光影及音乐——衍生横版视频

效果：获得40倍的视频消耗增长，点击率提升25%，APP激活量提升100倍，激活成本下降30%。
![5.7.png](https://bbx-pic.gtimg.com/bbx/pictures/2021/178_20210817151014_615708.png)
[点击查看视频](http://adsmind.gdtimg.com/ads_svp_video__0b6bjaackaaan4adcq7lfvprusaeeveaajka.f0.mp4?dis_k=833e21857dfbedba76f7c420bf7ef783&dis_t=1609241641&m=37a509f581e1e471eb0022c8ba52bddb)

【案例二】OTA-移动联盟

横版图片套用ins风的模板——衍生横版视频

效果：衍生后的视频CTR提升19.58%，激活成本下降19.36%
![5.8.png](https://bbx-pic.gtimg.com/bbx/pictures/2021/178_20210817151105_375389.png)
[点击查看视频](http://adsmind.gdtimg.com/ads_svp_video__0bc3pmkmaaaukyaei7e6zfqa46yeyb5rjqca.f40.mp4?dis_k=93c52509c9d8ed93986ce92c843e02a0&dis_t=1619690582&m=1452347ebf04f1ab8c264c5e74bb40b1)

**视频衍生视频：**

视频衍生视频，主要进行视频横竖转换或增加首尾帧

横竖转换覆盖更多广告位：通过高斯模糊、截取视频关键帧等方式，进行横竖转换

增加利益点首尾帧提升吸引力：通过增加首尾帧的方式，生成新视频
![5.9.png](https://bbx-pic.gtimg.com/bbx/pictures/2021/178_20210817151205_955323.png)

# 使用指引
### 1. 如何开启视频创意衍生

**方式1 ：在投放端创建广告时开启衍生**

step1：在投放端创建广告

step2：创建创意环节，勾选“自动衍生视频创意”功能

step3：系统将该广告下的单图/多图/视频转成视频创意，插入原广告中混投
![5.10.jpg](https://bbx-pic.gtimg.com/bbx/pictures/2021/178_20210817151247_665886.jpg)

**方式2 ：指定模板，媒体后台配置**

**1）客户在投放端选择模板**

入口1：创建广告
![5.11.png](https://bbx-pic.gtimg.com/bbx/pictures/2021/178_20210817151524_167429.png)

入口2：广告管理
![5.12.png](https://bbx-pic.gtimg.com/bbx/pictures/2021/178_20210817151543_163506.png)
自定义模板
![5.13.png](https://bbx-pic.gtimg.com/bbx/pictures/2021/178_20210817151606_124564.png)

**2）通过联系运营/销售，为账户批量配置衍生并指定模板**

联系对应运营，指定模板ID（支持按广告维度、账户维度、服务商维度配置）

**方式3： MKT-API接入后开启**

开发者：在创建广告组接口（adgroups/add），新增是否开启自动衍生视频创意字段（auto_derived_creative_enabled）API相关信息

### 2. 支持的创意形式列表 

因为流量规格的差异，目前仅部分创意形式支持自动衍生视频创意能力

1） 联盟、XQ、XS及通投
![5.14.png](https://bbx-pic.gtimg.com/bbx/pictures/2021/178_20210817151913_473500.png)
2） 微信流量
![5.15.png](https://bbx-pic.gtimg.com/bbx/pictures/2021/178_20210817151931_519722.png)

注：

1） 图片规格开启衍生，衍生成与图片相同尺寸的视频；视频规格开启衍生会进行横竖转换，投放到更多的广告位（例如：横版视频16：9会衍生成竖版视频9：16，实现横版视频也同时投放到竖版广告位）

2） 微信流量仅支持ADQ投放的广告。由于落地页的限制，仅表格对应的落地页支持衍生。

3） 微信朋友圈安卓推广目标使用简版原生页需配置白名单，可联系danyanzhang。

# 常见问题
![5.16.png](https://bbx-pic.gtimg.com/bbx/pictures/2021/178_20210817152019_209987.png)"
0,大货电商投诉处理流程,"# 大货电商投诉处理流程

## **方案说明**

本方案为广告审核侧从用户投诉的维度出发，制定的关于用户投诉的处理方案，核心是降低广告业务风险，提供用户更好的服务体验。同时，该方案与政策流程中心的「大货电商行业风控方案」互相补充，共同为平台安全保驾护航。

## **商品违规投诉处理方案**

**1、商品属于质量/宣传问题**

以下场景，满足其一则对应处理

【场景一】

当2个及以上用户投诉并且提供相关证据，经腾讯广告审核验证属实，进行存量广告全部下架和限制提交新广告

【场景二】

数据维度：枫页后台投诉率，周维度广告主体x商品

当投诉率＞行业大盘月均投诉率30%，启动抽检流程，抽检结果合格，继续观察；当抽检结果不合格，则下架广告，按照规范对广告主进行处罚

当投诉率＞行业大盘月均投诉率50%，进行广告主警告和要求广告主暂停广告

当投诉率＞行业大盘月均投诉率80%，进行存量广告全部下架和限制提交新广告

【场景三】

数据维度：投诉售后单量，周维度广告主体x商品

当投诉单量环比上周上涨＞30%，投诉侧重点关注

当投诉单量环比上周上涨＞50%，进行广告主警告和要求广告主暂停广告

当投诉单量环比上周上涨＞80%，进行存量广告全部下架和限制提交新广告

**2、商品属于售后服务问题**

【场景一】：
当上升至平台侧的投诉单广告主未按时效处理，则判定为超时单，按照以下方式进行处理
![111.png](https://bbx-pic.gtimg.com/bbx/pictures/2021/84_20211021163933_245130.png)
【场景二】：

数据维度：周维度，广告主售后处理率

当广告主售后处理率＜50%，进行广告主警告和限制提交新广告

当广告主售后处理率＜30%，进行存量广告全部下架和限制提交新广告"
0,行业讯达产品介绍,"# 功能介绍
###  讯达产品为线索行业广告主提供全链路营销解决方案，目前包含车讯达，房讯达，家讯达产品

## 车讯达
车讯达为汽车行业广告主提供小程序部署、落地页搭建、线索管理、后链路运营的能力。

![image.png](https://bbx-pic.gtimg.com/bbx/pictures/2021/99_20210728114247_967476.png)

### 1. 快速部署小程序
车讯达可快速部署、升级客户小程序，并搭配不同的版本和功能，满足行业客户不同需求

### 2. 多留资入口
车讯达提供了多样丰富的留资入口和组件，让用户在各种使用场景中留下线索
![image (1).png](https://bbx-pic.gtimg.com/bbx/pictures/2021/99_20210728114817_838277.png)

### 3. 线索留存与线索匹配
借助小程序原生功能，用户可一键授权留存线索，并将线索字段匹配给最近的经销商销售。缩短线索下发流程，提升线索转化

### 4. 线索跟进
销售可管理所有客户，实时接收客户IM沟通信息，对客户进行信息完善，标签区分和状态跟进
![image (2).png](https://bbx-pic.gtimg.com/bbx/pictures/2021/99_20210728114851_756738.png)

### 5. 企微后链路
使用企业微信进行办公管理的广告主，可以授权车讯达企微应用，使用车讯达企微应用工具对客户进行长效联系。
借助企微应，销售可以实时接收车讯达分配的线索，并添加客户微信好友保持长效沟通，及时触达客户并发送相关活动、营销等消息
销售可以对客户进行拉群、群发消息，设置欢迎语，使用便捷话术等功能
可以使用卡券、收款等营销功能，引流客户到店，促成交易
管理者可以查看分析销售人员运营数据，全局掌控
![image (3).png](https://bbx-pic.gtimg.com/bbx/pictures/2021/99_20210728114919_258154.png)

如有合作，请联系chexunda@tencent.com


## 房讯达
房讯达是为房产行业打造的全链路获客平台，帮助房企推动营销全链路数字化升级的新利器。
房讯达产品功能全面覆盖三端，用户端-小程序，销售端-小程序，管理端-PC管理后台，高效便捷，门槛低，可快速部署上线。
![image (4).png](https://bbx-pic.gtimg.com/bbx/pictures/2021/99_20210729094845_610851.png)

### 1. 快速部署小程序
房讯达采用的统一小程序主站，投放客户通过申请项目即可获取后台使用权限（资料提交少、流程快）、楼盘页面生成简单且实时性强。

### 2. 多留资入口护航，全方位触发用户留资
![image (5).png](https://bbx-pic.gtimg.com/bbx/pictures/2021/99_20210729094950_629677.png)

### 3. 双平台线索管理，提升服务效率和管控能力
![image (6).png](https://bbx-pic.gtimg.com/bbx/pictures/2021/99_20210729095002_196958.png)

如有合作，请联系jqchen@tencent.com

## 家讯达
家讯达是专为家居行业广告主定制的广告营销产品，基于小程序生态打通前端获客和后端跟进，提供从营销管理到线索收集、从线索跟踪转化到私域运营的全链路营销解决方案。
![image (7).png](https://bbx-pic.gtimg.com/bbx/pictures/2021/99_20210729095112_525355.png)


### 1. 快速部署小程序
家讯达可快速部署、升级客户小程序，并搭配不同的版本和功能，满足行业客户不同需求。从接入到内容配置到小程序上线，最快仅需1周时间。

### 2. 丰富的家居行业营销能力
家讯达提供了丰富的营销能力，如品牌首页、家装案例库、获取装修报价、营销活动、卡券等，让用户在各种场景中留下线索。
![image (8).png](https://bbx-pic.gtimg.com/bbx/pictures/2021/99_20210729095152_910620.png)


### 3. 多种线索转化链路
家讯达提供了多样丰富的留资入口和组件，通过引导式留资、强化增加留资入口，提升用户的留资转化率。主要收集一键授权手机号、表单、智能电话拨打、在线咨询类型的线索。
![image (9).png](https://bbx-pic.gtimg.com/bbx/pictures/2021/99_20210729095239_961205.png)


### 4. 一站式线索管理（PC+移动）
家讯达提供了PC端和移动端销售小程序的线索管理能力，并且线索数据、跟进标记数据会回传并反哺腾讯广告投放效果。
![image (10).png](https://bbx-pic.gtimg.com/bbx/pictures/2021/99_20210729095310_683828.png)


如有合作，请联系jiaxunda@tencent.com"
