,KEY,URL
25,相关问题,https://ad.weixin.qq.com/guide/165
26,相关问题,https://ad.weixin.qq.com/guide/166
27,相关问题,https://ad.weixin.qq.com/guide/167
28,相关问题,https://ad.weixin.qq.com/guide/168
29,相关问题,https://ad.weixin.qq.com/guide/169
30,相关问题,https://ad.weixin.qq.com/guide/170
31,相关问题,https://ad.weixin.qq.com/guide/171
32,相关问题,https://ad.weixin.qq.com/guide/172
33,相关问题,https://ad.weixin.qq.com/guide/173
34,相关问题,https://ad.weixin.qq.com/guide/174
35,相关问题,https://ad.weixin.qq.com/guide/175
36,相关问题,https://ad.weixin.qq.com/guide/176
37,相关问题,https://ad.weixin.qq.com/guide/177
38,相关问题,https://ad.weixin.qq.com/guide/178
39,相关问题,https://ad.weixin.qq.com/guide/179
40,相关问题,https://ad.weixin.qq.com/guide/180
41,相关问题,https://ad.weixin.qq.com/guide/181
42,相关问题,https://ad.weixin.qq.com/guide/182
43,相关问题,https://ad.weixin.qq.com/guide/183
44,相关问题,https://ad.weixin.qq.com/guide/184
45,相关问题,https://ad.weixin.qq.com/guide/185
46,相关问题,https://ad.weixin.qq.com/guide/186
51,相关问题,https://ad.weixin.qq.com/guide/199
52,相关问题,https://ad.weixin.qq.com/guide/200
58,相关问题,https://ad.weixin.qq.com/guide/288
65,相关问题,https://ad.weixin.qq.com/guide/492
73,相关问题,https://ad.weixin.qq.com/guide/680
74,相关问题,https://ad.weixin.qq.com/guide/681
75,相关问题,https://ad.weixin.qq.com/guide/682
76,相关问题,https://ad.weixin.qq.com/guide/683
77,相关问题,https://ad.weixin.qq.com/guide/684
78,相关问题,https://ad.weixin.qq.com/guide/685
79,相关问题,https://ad.weixin.qq.com/guide/686
80,相关问题,https://ad.weixin.qq.com/guide/687
81,相关问题,https://ad.weixin.qq.com/guide/688
82,相关问题,https://ad.weixin.qq.com/guide/689
83,相关问题,https://ad.weixin.qq.com/guide/690
84,相关问题,https://ad.weixin.qq.com/guide/691
85,相关问题,https://ad.weixin.qq.com/guide/692
86,相关问题,https://ad.weixin.qq.com/guide/693
87,相关问题,https://ad.weixin.qq.com/guide/694
88,相关问题,https://ad.weixin.qq.com/guide/695
89,相关问题,https://ad.weixin.qq.com/guide/696
90,相关问题,https://ad.weixin.qq.com/guide/697
91,相关问题,https://ad.weixin.qq.com/guide/698
92,相关问题,https://ad.weixin.qq.com/guide/699
93,相关问题,https://ad.weixin.qq.com/guide/700
94,相关问题,https://ad.weixin.qq.com/guide/701
108,相关问题,https://ad.weixin.qq.com/guide/1184
120,相关问题,https://ad.weixin.qq.com/guide/1638
131,相关问题,https://ad.weixin.qq.com/guide/1761
134,相关问题,https://ad.weixin.qq.com/guide/1800
